cycle,elapsed_s,sensor1_id,sensor1_grams,sensor2_id,sensor2_grams,total_weight_1_2,sensor1_raw_i32,sensor2_raw_i32
1,0.005192,1,0.000000,2,0.400000,0.400000,-4834,-5866
2,0.010384,1,0.000000,2,0.400000,0.400000,-4834,-5866
3,0.015498,1,0.000000,2,0.400000,0.400000,-4834,-5866
4,0.020683,1,0.000000,2,0.400000,0.400000,-4834,-5866
5,0.026034,1,0.000000,2,0.400000,0.400000,-4834,-5866
6,0.031208,1,0.000000,2,0.400000,0.400000,-4834,-5866
7,0.036247,1,0.000000,2,0.400000,0.400000,-4834,-5866
8,0.041623,1,0.000000,2,0.400000,0.400000,-4834,-5866
9,0.046756,1,0.000000,2,0.400000,0.400000,-4834,-5866
10,0.051961,1,0.000000,2,0.400000,0.400000,-4834,-5866
11,0.057147,1,0.000000,2,0.400000,0.400000,-4834,-5866
12,0.062345,1,0.000000,2,0.400000,0.400000,-4834,-5866
13,0.067625,1,0.000000,2,0.400000,0.400000,-4834,-5866
14,0.072654,1,0.000000,2,0.400000,0.400000,-4834,-5866
15,0.077842,1,0.000000,2,0.400000,0.400000,-4834,-5866
16,0.083014,1,0.000000,2,0.400000,0.400000,-4834,-5866
17,0.088265,1,-4.000000,2,0.400000,-3.600000,-4838,-5866
18,0.093392,1,-4.000000,2,0.400000,-3.600000,-4838,-5866
19,0.098613,1,-4.000000,2,0.400000,-3.600000,-4838,-5866
20,0.103229,1,-4.000000,2,0.400000,-3.600000,-4838,-5866
21,0.107819,1,-4.000000,2,0.400000,-3.600000,-4838,-5866
22,0.112447,1,-4.000000,2,0.400000,-3.600000,-4838,-5866
23,0.117100,1,-4.000000,2,0.400000,-3.600000,-4838,-5866
24,0.122251,1,-4.000000,2,0.400000,-3.600000,-4838,-5866
25,0.127513,1,-4.000000,2,0.400000,-3.600000,-4838,-5866
26,0.133248,1,-4.000000,2,0.400000,-3.600000,-4838,-5866
27,0.138483,1,-4.000000,2,3.400000,-0.600000,-4838,-5863
28,0.143539,1,-4.000000,2,3.400000,-0.600000,-4838,-5863
29,0.148185,1,-4.000000,2,3.400000,-0.600000,-4838,-5863
30,0.153474,1,-4.000000,2,3.400000,-0.600000,-4838,-5863
31,0.158580,1,-4.000000,2,3.400000,-0.600000,-4838,-5863
32,0.163748,1,-4.000000,2,3.400000,-0.600000,-4838,-5863
33,0.168920,1,-4.000000,2,3.400000,-0.600000,-4838,-5863
34,0.174118,1,-4.000000,2,3.400000,-0.600000,-4838,-5863
35,0.179354,1,-4.000000,2,3.400000,-0.600000,-4838,-5863
36,0.184494,1,-4.000000,2,3.400000,-0.600000,-4838,-5863
37,0.189683,1,-4.000000,2,3.400000,-0.600000,-4838,-5863
38,0.194904,1,-4.000000,2,3.400000,-0.600000,-4838,-5863
39,0.200070,1,-4.000000,2,3.400000,-0.600000,-4838,-5863
40,0.205416,1,-4.000000,2,3.400000,-0.600000,-4838,-5863
41,0.211067,1,-4.000000,2,3.400000,-0.600000,-4838,-5863
42,0.216231,1,-4.000000,2,3.400000,-0.600000,-4838,-5863
43,0.220845,1,-4.000000,2,3.400000,-0.600000,-4838,-5863
44,0.225486,1,-4.000000,2,3.400000,-0.600000,-4838,-5863
45,0.230079,1,-4.000000,2,3.400000,-0.600000,-4838,-5863
46,0.236258,1,-4.000000,2,0.400000,-3.600000,-4838,-5866
47,0.241232,1,-4.000000,2,0.400000,-3.600000,-4838,-5866
48,0.246375,1,-4.000000,2,0.400000,-3.600000,-4838,-5866
49,0.251534,1,-4.000000,2,0.400000,-3.600000,-4838,-5866
50,0.256835,1,-4.000000,2,0.400000,-3.600000,-4838,-5866
51,0.261920,1,-4.000000,2,0.400000,-3.600000,-4838,-5866
52,0.267161,1,-4.000000,2,0.400000,-3.600000,-4838,-5866
53,0.272371,1,-4.000000,2,0.400000,-3.600000,-4838,-5866
54,0.277504,1,-4.000000,2,0.400000,-3.600000,-4838,-5866
55,0.282692,1,-4.000000,2,0.400000,-3.600000,-4838,-5866
56,0.287872,1,-22.000000,2,0.400000,-21.600000,-4856,-5866
57,0.293046,1,-22.000000,2,0.400000,-21.600000,-4856,-5866
58,0.298207,1,-22.000000,2,0.400000,-21.600000,-4856,-5866
59,0.303400,1,-22.000000,2,0.400000,-21.600000,-4856,-5866
60,0.308563,1,-22.000000,2,0.400000,-21.600000,-4856,-5866
61,0.313908,1,-22.000000,2,0.400000,-21.600000,-4856,-5866
62,0.319008,1,-22.000000,2,0.400000,-21.600000,-4856,-5866
63,0.324193,1,-22.000000,2,0.400000,-21.600000,-4856,-5866
64,0.329455,1,-22.000000,2,0.400000,-21.600000,-4856,-5866
65,0.334724,1,-22.000000,2,-40.600000,-62.600000,-4856,-5907
66,0.339683,1,-22.000000,2,-40.600000,-62.600000,-4856,-5907
67,0.344852,1,-22.000000,2,-40.600000,-62.600000,-4856,-5907
68,0.350201,1,-22.000000,2,-40.600000,-62.600000,-4856,-5907
69,0.355400,1,-22.000000,2,-40.600000,-62.600000,-4856,-5907
70,0.360547,1,-22.000000,2,-40.600000,-62.600000,-4856,-5907
71,0.365593,1,-22.000000,2,-40.600000,-62.600000,-4856,-5907
72,0.370784,1,-22.000000,2,-40.600000,-62.600000,-4856,-5907
73,0.375947,1,-22.000000,2,-40.600000,-62.600000,-4856,-5907
74,0.381232,1,-22.000000,2,-40.600000,-62.600000,-4856,-5907
75,0.385909,1,-81.000000,2,-40.600000,-121.600000,-4915,-5907
76,0.391505,1,-81.000000,2,-40.600000,-121.600000,-4915,-5907
77,0.396710,1,-81.000000,2,-40.600000,-121.600000,-4915,-5907
78,0.401871,1,-81.000000,2,-40.600000,-121.600000,-4915,-5907
79,0.407023,1,-81.000000,2,-40.600000,-121.600000,-4915,-5907
80,0.412277,1,-81.000000,2,-40.600000,-121.600000,-4915,-5907
81,0.417551,1,-81.000000,2,-40.600000,-121.600000,-4915,-5907
82,0.422688,1,-81.000000,2,-40.600000,-121.600000,-4915,-5907
83,0.427822,1,-81.000000,2,-40.600000,-121.600000,-4915,-5907
84,0.433691,1,-81.000000,2,-51.600000,-132.600000,-4915,-5918
85,0.438871,1,-81.000000,2,-51.600000,-132.600000,-4915,-5918
86,0.444461,1,-81.000000,2,-51.600000,-132.600000,-4915,-5918
87,0.449757,1,-81.000000,2,-51.600000,-132.600000,-4915,-5918
88,0.454823,1,-81.000000,2,-51.600000,-132.600000,-4915,-5918
89,0.460161,1,-81.000000,2,-51.600000,-132.600000,-4915,-5918
90,0.465207,1,-81.000000,2,-51.600000,-132.600000,-4915,-5918
91,0.470370,1,-81.000000,2,-51.600000,-132.600000,-4915,-5918
92,0.475621,1,-81.000000,2,-51.600000,-132.600000,-4915,-5918
93,0.480831,1,-81.000000,2,-51.600000,-132.600000,-4915,-5918
94,0.485972,1,-368.000000,2,-51.600000,-419.600000,-5202,-5918
95,0.491121,1,-368.000000,2,-51.600000,-419.600000,-5202,-5918
96,0.496412,1,-368.000000,2,-51.600000,-419.600000,-5202,-5918
97,0.501473,1,-368.000000,2,-51.600000,-419.600000,-5202,-5918
98,0.506707,1,-368.000000,2,-51.600000,-419.600000,-5202,-5918
99,0.511870,1,-368.000000,2,-51.600000,-419.600000,-5202,-5918
100,0.517074,1,-368.000000,2,-51.600000,-419.600000,-5202,-5918
101,0.522507,1,-368.000000,2,-51.600000,-419.600000,-5202,-5918
102,0.528003,1,-368.000000,2,-51.600000,-419.600000,-5202,-5918
103,0.533349,1,-368.000000,2,-10.600000,-378.600000,-5202,-5877
104,0.599097,1,-999.000000,2,-10.600000,-1009.600000,-5833,-5877
105,0.661407,1,-999.000000,2,19.400000,-979.600000,-5833,-5847
106,0.666761,1,-999.000000,2,19.400000,-979.600000,-5833,-5847
107,0.671797,1,-999.000000,2,19.400000,-979.600000,-5833,-5847
108,0.677115,1,-999.000000,2,19.400000,-979.600000,-5833,-5847
109,0.682158,1,-1596.000000,2,19.400000,-1576.600000,-6430,-5847
110,0.686793,1,-1596.000000,2,19.400000,-1576.600000,-6430,-5847
111,0.692110,1,-1596.000000,2,19.400000,-1576.600000,-6430,-5847
112,0.697281,1,-1596.000000,2,19.400000,-1576.600000,-6430,-5847
113,0.702343,1,-1596.000000,2,19.400000,-1576.600000,-6430,-5847
114,0.706952,1,-1596.000000,2,19.400000,-1576.600000,-6430,-5847
115,0.712118,1,-1596.000000,2,19.400000,-1576.600000,-6430,-5847
116,0.717507,1,-1596.000000,2,19.400000,-1576.600000,-6430,-5847
117,0.722646,1,-1596.000000,2,19.400000,-1576.600000,-6430,-5847
118,0.729707,1,-1596.000000,2,24.400000,-1571.600000,-6430,-5842
119,0.735144,1,-1596.000000,2,24.400000,-1571.600000,-6430,-5842
120,0.740394,1,-1596.000000,2,24.400000,-1571.600000,-6430,-5842
121,0.745460,1,-1596.000000,2,24.400000,-1571.600000,-6430,-5842
122,0.750662,1,-1596.000000,2,24.400000,-1571.600000,-6430,-5842
123,0.755830,1,-1596.000000,2,24.400000,-1571.600000,-6430,-5842
124,0.761008,1,-1596.000000,2,24.400000,-1571.600000,-6430,-5842
125,0.766309,1,-1596.000000,2,24.400000,-1571.600000,-6430,-5842
126,0.771362,1,-1596.000000,2,24.400000,-1571.600000,-6430,-5842
127,0.776540,1,-1596.000000,2,24.400000,-1571.600000,-6430,-5842
128,0.781152,1,-1990.000000,2,24.400000,-1965.600000,-6824,-5842
129,0.786352,1,-1990.000000,2,24.400000,-1965.600000,-6824,-5842
130,0.791629,1,-1990.000000,2,24.400000,-1965.600000,-6824,-5842
131,0.796669,1,-1990.000000,2,24.400000,-1965.600000,-6824,-5842
132,0.802017,1,-1990.000000,2,24.400000,-1965.600000,-6824,-5842
133,0.807052,1,-1990.000000,2,24.400000,-1965.600000,-6824,-5842
134,0.812244,1,-1990.000000,2,24.400000,-1965.600000,-6824,-5842
135,0.817540,1,-1990.000000,2,24.400000,-1965.600000,-6824,-5842
136,0.822709,1,-1990.000000,2,24.400000,-1965.600000,-6824,-5842
137,0.828530,1,-1990.000000,2,-1.600000,-1991.600000,-6824,-5868
138,0.833521,1,-1990.000000,2,-1.600000,-1991.600000,-6824,-5868
139,0.838821,1,-1990.000000,2,-1.600000,-1991.600000,-6824,-5868
140,0.843884,1,-1990.000000,2,-1.600000,-1991.600000,-6824,-5868
141,0.849142,1,-1990.000000,2,-1.600000,-1991.600000,-6824,-5868
142,0.854388,1,-1990.000000,2,-1.600000,-1991.600000,-6824,-5868
143,0.860032,1,-1990.000000,2,-1.600000,-1991.600000,-6824,-5868
144,0.865002,1,-1990.000000,2,-1.600000,-1991.600000,-6824,-5868
145,0.870423,1,-1990.000000,2,-1.600000,-1991.600000,-6824,-5868
146,0.875615,1,-1990.000000,2,-1.600000,-1991.600000,-6824,-5868
147,0.880834,1,-2307.000000,2,-1.600000,-2308.600000,-7141,-5868
148,0.885975,1,-2307.000000,2,-1.600000,-2308.600000,-7141,-5868
149,0.890602,1,-2307.000000,2,-1.600000,-2308.600000,-7141,-5868
150,0.895242,1,-2307.000000,2,-1.600000,-2308.600000,-7141,-5868
151,0.899819,1,-2307.000000,2,-1.600000,-2308.600000,-7141,-5868
152,0.904440,1,-2307.000000,2,-1.600000,-2308.600000,-7141,-5868
153,0.909225,1,-2307.000000,2,-1.600000,-2308.600000,-7141,-5868
154,0.914383,1,-2307.000000,2,-1.600000,-2308.600000,-7141,-5868
155,0.920052,1,-2307.000000,2,-1.600000,-2308.600000,-7141,-5868
156,0.924714,1,-2307.000000,2,-1.600000,-2308.600000,-7141,-5868
157,0.929434,1,-2307.000000,2,-27.600000,-2334.600000,-7141,-5894
158,0.935064,1,-2307.000000,2,-27.600000,-2334.600000,-7141,-5894
159,0.940101,1,-2307.000000,2,-27.600000,-2334.600000,-7141,-5894
160,0.945347,1,-2307.000000,2,-27.600000,-2334.600000,-7141,-5894
161,0.950590,1,-2307.000000,2,-27.600000,-2334.600000,-7141,-5894
162,0.955650,1,-2307.000000,2,-27.600000,-2334.600000,-7141,-5894
163,0.960786,1,-2307.000000,2,-27.600000,-2334.600000,-7141,-5894
164,0.966074,1,-2307.000000,2,-27.600000,-2334.600000,-7141,-5894
165,0.971208,1,-2307.000000,2,-27.600000,-2334.600000,-7141,-5894
166,0.976402,1,-2307.000000,2,-27.600000,-2334.600000,-7141,-5894
167,0.981736,1,-2448.000000,2,-27.600000,-2475.600000,-7282,-5894
168,0.986674,1,-2448.000000,2,-27.600000,-2475.600000,-7282,-5894
169,0.991903,1,-2448.000000,2,-27.600000,-2475.600000,-7282,-5894
170,0.997190,1,-2448.000000,2,-27.600000,-2475.600000,-7282,-5894
171,1.002355,1,-2448.000000,2,-27.600000,-2475.600000,-7282,-5894
172,1.007914,1,-2448.000000,2,-27.600000,-2475.600000,-7282,-5894
173,1.013763,1,-2448.000000,2,-27.600000,-2475.600000,-7282,-5894
174,1.019093,1,-2448.000000,2,-27.600000,-2475.600000,-7282,-5894
175,1.023991,1,-2448.000000,2,-27.600000,-2475.600000,-7282,-5894
176,1.029253,1,-2448.000000,2,-49.600000,-2497.600000,-7282,-5916
177,1.034557,1,-2448.000000,2,-49.600000,-2497.600000,-7282,-5916
178,1.039510,1,-2448.000000,2,-49.600000,-2497.600000,-7282,-5916
179,1.044655,1,-2448.000000,2,-49.600000,-2497.600000,-7282,-5916
180,1.049898,1,-2448.000000,2,-49.600000,-2497.600000,-7282,-5916
181,1.055082,1,-2448.000000,2,-49.600000,-2497.600000,-7282,-5916
182,1.060738,1,-2448.000000,2,-49.600000,-2497.600000,-7282,-5916
183,1.065934,1,-2448.000000,2,-49.600000,-2497.600000,-7282,-5916
184,1.071880,1,-2448.000000,2,-49.600000,-2497.600000,-7282,-5916
185,1.078575,1,-2184.000000,2,-49.600000,-2233.600000,-7018,-5916
186,1.084503,1,-2184.000000,2,-49.600000,-2233.600000,-7018,-5916
187,1.089492,1,-2184.000000,2,-49.600000,-2233.600000,-7018,-5916
188,1.094683,1,-2184.000000,2,-49.600000,-2233.600000,-7018,-5916
189,1.099849,1,-2184.000000,2,-49.600000,-2233.600000,-7018,-5916
190,1.105020,1,-2184.000000,2,-49.600000,-2233.600000,-7018,-5916
191,1.110335,1,-2184.000000,2,-49.600000,-2233.600000,-7018,-5916
192,1.115385,1,-2184.000000,2,-49.600000,-2233.600000,-7018,-5916
193,1.120624,1,-2184.000000,2,-49.600000,-2233.600000,-7018,-5916
194,1.126013,1,-2184.000000,2,-58.600000,-2242.600000,-7018,-5925
195,1.131047,1,-2184.000000,2,-58.600000,-2242.600000,-7018,-5925
196,1.136635,1,-2184.000000,2,-58.600000,-2242.600000,-7018,-5925
197,1.141244,1,-2184.000000,2,-58.600000,-2242.600000,-7018,-5925
198,1.146568,1,-2184.000000,2,-58.600000,-2242.600000,-7018,-5925
199,1.151685,1,-2184.000000,2,-58.600000,-2242.600000,-7018,-5925
200,1.156862,1,-2184.000000,2,-58.600000,-2242.600000,-7018,-5925
201,1.162675,1,-2184.000000,2,-58.600000,-2242.600000,-7018,-5925
202,1.168391,1,-2184.000000,2,-58.600000,-2242.600000,-7018,-5925
203,1.173972,1,-2184.000000,2,-58.600000,-2242.600000,-7018,-5925
204,1.179449,1,-1322.000000,2,-58.600000,-1380.600000,-6156,-5925
205,1.184556,1,-1322.000000,2,-58.600000,-1380.600000,-6156,-5925
206,1.189566,1,-1322.000000,2,-58.600000,-1380.600000,-6156,-5925
207,1.194711,1,-1322.000000,2,-58.600000,-1380.600000,-6156,-5925
208,1.200454,1,-1322.000000,2,-58.600000,-1380.600000,-6156,-5925
209,1.205088,1,-1322.000000,2,-58.600000,-1380.600000,-6156,-5925
210,1.210235,1,-1322.000000,2,-58.600000,-1380.600000,-6156,-5925
211,1.215424,1,-1322.000000,2,-58.600000,-1380.600000,-6156,-5925
212,1.221328,1,-1322.000000,2,-58.600000,-1380.600000,-6156,-5925
213,1.226482,1,-1322.000000,2,-37.600000,-1359.600000,-6156,-5904
214,1.231510,1,-1322.000000,2,-37.600000,-1359.600000,-6156,-5904
215,1.236670,1,-1322.000000,2,-37.600000,-1359.600000,-6156,-5904
216,1.241863,1,-1322.000000,2,-37.600000,-1359.600000,-6156,-5904
217,1.247115,1,-1322.000000,2,-37.600000,-1359.600000,-6156,-5904
218,1.252265,1,-1322.000000,2,-37.600000,-1359.600000,-6156,-5904
219,1.257345,1,-1322.000000,2,-37.600000,-1359.600000,-6156,-5904
220,1.262609,1,-1322.000000,2,-37.600000,-1359.600000,-6156,-5904
221,1.267649,1,-1322.000000,2,-37.600000,-1359.600000,-6156,-5904
222,1.272786,1,-1322.000000,2,-37.600000,-1359.600000,-6156,-5904
223,1.277950,1,-403.000000,2,-37.600000,-440.600000,-5237,-5904
224,1.283071,1,-403.000000,2,-37.600000,-440.600000,-5237,-5904
225,1.288337,1,-403.000000,2,-37.600000,-440.600000,-5237,-5904
226,1.293423,1,-403.000000,2,-37.600000,-440.600000,-5237,-5904
227,1.298547,1,-403.000000,2,-37.600000,-440.600000,-5237,-5904
228,1.303694,1,-403.000000,2,-37.600000,-440.600000,-5237,-5904
229,1.308936,1,-403.000000,2,-37.600000,-440.600000,-5237,-5904
230,1.314160,1,-403.000000,2,-37.600000,-440.600000,-5237,-5904
231,1.319267,1,-403.000000,2,-37.600000,-440.600000,-5237,-5904
232,1.324621,1,-403.000000,2,-7.600000,-410.600000,-5237,-5874
233,1.391803,1,-39.000000,2,-7.600000,-46.600000,-4873,-5874
234,1.457682,1,-39.000000,2,3.400000,-35.600000,-4873,-5863
235,1.462756,1,-39.000000,2,3.400000,-35.600000,-4873,-5863
236,1.467944,1,-39.000000,2,3.400000,-35.600000,-4873,-5863
237,1.474345,1,-4.000000,2,3.400000,-0.600000,-4838,-5863
238,1.479592,1,-4.000000,2,3.400000,-0.600000,-4838,-5863
239,1.484869,1,-4.000000,2,3.400000,-0.600000,-4838,-5863
240,1.489985,1,-4.000000,2,3.400000,-0.600000,-4838,-5863
241,1.495081,1,-4.000000,2,3.400000,-0.600000,-4838,-5863
242,1.500361,1,-4.000000,2,3.400000,-0.600000,-4838,-5863
243,1.505518,1,-4.000000,2,3.400000,-0.600000,-4838,-5863
244,1.510664,1,-4.000000,2,3.400000,-0.600000,-4838,-5863
245,1.515852,1,-4.000000,2,3.400000,-0.600000,-4838,-5863
246,1.520788,1,-4.000000,2,4.400000,0.400000,-4838,-5862
247,1.525986,1,-4.000000,2,4.400000,0.400000,-4838,-5862
248,1.531149,1,-4.000000,2,4.400000,0.400000,-4838,-5862
249,1.536352,1,-4.000000,2,4.400000,0.400000,-4838,-5862
250,1.541550,1,-4.000000,2,4.400000,0.400000,-4838,-5862
251,1.546704,1,-4.000000,2,4.400000,0.400000,-4838,-5862
252,1.551909,1,-4.000000,2,4.400000,0.400000,-4838,-5862
253,1.557078,1,-4.000000,2,4.400000,0.400000,-4838,-5862
254,1.562254,1,-4.000000,2,4.400000,0.400000,-4838,-5862
255,1.567452,1,-4.000000,2,4.400000,0.400000,-4838,-5862
256,1.573755,1,-4.000000,2,4.400000,0.400000,-4838,-5862
257,1.578411,1,-4.000000,2,4.400000,0.400000,-4838,-5862
258,1.583042,1,-4.000000,2,4.400000,0.400000,-4838,-5862
259,1.588314,1,-4.000000,2,4.400000,0.400000,-4838,-5862
260,1.593496,1,-4.000000,2,4.400000,0.400000,-4838,-5862
261,1.599104,1,-4.000000,2,4.400000,0.400000,-4838,-5862
262,1.603696,1,-4.000000,2,4.400000,0.400000,-4838,-5862
263,1.608888,1,-4.000000,2,4.400000,0.400000,-4838,-5862
264,1.613501,1,-4.000000,2,4.400000,0.400000,-4838,-5862
265,1.618447,1,-4.000000,2,5.400000,1.400000,-4838,-5861
266,1.623554,1,-4.000000,2,5.400000,1.400000,-4838,-5861
267,1.628758,1,-4.000000,2,5.400000,1.400000,-4838,-5861
268,1.634059,1,-4.000000,2,5.400000,1.400000,-4838,-5861
269,1.639118,1,-4.000000,2,5.400000,1.400000,-4838,-5861
270,1.644364,1,-4.000000,2,5.400000,1.400000,-4838,-5861
271,1.649457,1,-4.000000,2,5.400000,1.400000,-4838,-5861
272,1.654697,1,-4.000000,2,5.400000,1.400000,-4838,-5861
273,1.659855,1,-4.000000,2,5.400000,1.400000,-4838,-5861
274,1.664998,1,-4.000000,2,5.400000,1.400000,-4838,-5861
275,1.670195,1,-4.000000,2,5.400000,1.400000,-4838,-5861
276,1.735844,1,-83.000000,2,-2.600000,-85.600000,-4917,-5869
277,1.796992,1,-83.000000,2,-2.600000,-85.600000,-4917,-5869
278,1.802324,1,-381.000000,2,-2.600000,-383.600000,-5215,-5869
279,1.807959,1,-381.000000,2,-2.600000,-383.600000,-5215,-5869
280,1.813105,1,-381.000000,2,-2.600000,-383.600000,-5215,-5869
281,1.818950,1,-381.000000,2,-6.600000,-387.600000,-5215,-5873
282,1.824082,1,-381.000000,2,-6.600000,-387.600000,-5215,-5873
283,1.829211,1,-381.000000,2,-6.600000,-387.600000,-5215,-5873
284,1.834377,1,-381.000000,2,-6.600000,-387.600000,-5215,-5873
285,1.839569,1,-381.000000,2,-6.600000,-387.600000,-5215,-5873
286,1.844725,1,-381.000000,2,-6.600000,-387.600000,-5215,-5873
287,1.849921,1,-381.000000,2,-6.600000,-387.600000,-5215,-5873
288,1.855105,1,-381.000000,2,-6.600000,-387.600000,-5215,-5873
289,1.860361,1,-381.000000,2,-6.600000,-387.600000,-5215,-5873
290,1.865477,1,-381.000000,2,-6.600000,-387.600000,-5215,-5873
291,1.870693,1,-804.000000,2,-6.600000,-810.600000,-5638,-5873
292,1.875860,1,-804.000000,2,-6.600000,-810.600000,-5638,-5873
293,1.881058,1,-804.000000,2,-6.600000,-810.600000,-5638,-5873
294,1.885643,1,-804.000000,2,-6.600000,-810.600000,-5638,-5873
295,1.890904,1,-804.000000,2,-6.600000,-810.600000,-5638,-5873
296,1.896066,1,-804.000000,2,-6.600000,-810.600000,-5638,-5873
297,1.901155,1,-804.000000,2,-6.600000,-810.600000,-5638,-5873
298,1.905760,1,-804.000000,2,-6.600000,-810.600000,-5638,-5873
299,1.910389,1,-804.000000,2,-6.600000,-810.600000,-5638,-5873
300,1.915715,1,-804.000000,2,-18.600000,-822.600000,-5638,-5885
301,1.920754,1,-804.000000,2,-18.600000,-822.600000,-5638,-5885
302,1.925963,1,-804.000000,2,-18.600000,-822.600000,-5638,-5885
303,1.931151,1,-804.000000,2,-18.600000,-822.600000,-5638,-5885
304,1.936366,1,-804.000000,2,-18.600000,-822.600000,-5638,-5885
305,1.941556,1,-804.000000,2,-18.600000,-822.600000,-5638,-5885
306,1.946771,1,-804.000000,2,-18.600000,-822.600000,-5638,-5885
307,1.951988,1,-804.000000,2,-18.600000,-822.600000,-5638,-5885
308,1.957153,1,-804.000000,2,-18.600000,-822.600000,-5638,-5885
309,1.962355,1,-804.000000,2,-18.600000,-822.600000,-5638,-5885
310,1.967557,1,-804.000000,2,-18.600000,-822.600000,-5638,-5885
311,1.972763,1,-1339.000000,2,-18.600000,-1357.600000,-6173,-5885
312,1.977400,1,-1339.000000,2,-18.600000,-1357.600000,-6173,-5885
313,1.982050,1,-1339.000000,2,-18.600000,-1357.600000,-6173,-5885
314,1.986703,1,-1339.000000,2,-18.600000,-1357.600000,-6173,-5885
315,1.991905,1,-1339.000000,2,-18.600000,-1357.600000,-6173,-5885
316,1.997133,1,-1339.000000,2,-18.600000,-1357.600000,-6173,-5885
317,2.002354,1,-1339.000000,2,-18.600000,-1357.600000,-6173,-5885
318,2.007522,1,-1339.000000,2,-18.600000,-1357.600000,-6173,-5885
319,2.012936,1,-1339.000000,2,-62.600000,-1401.600000,-6173,-5929
320,2.017915,1,-1339.000000,2,-62.600000,-1401.600000,-6173,-5929
321,2.023078,1,-1339.000000,2,-62.600000,-1401.600000,-6173,-5929
322,2.028228,1,-1339.000000,2,-62.600000,-1401.600000,-6173,-5929
323,2.033402,1,-1339.000000,2,-62.600000,-1401.600000,-6173,-5929
324,2.038620,1,-1339.000000,2,-62.600000,-1401.600000,-6173,-5929
325,2.043960,1,-1339.000000,2,-62.600000,-1401.600000,-6173,-5929
326,2.048969,1,-1339.000000,2,-62.600000,-1401.600000,-6173,-5929
327,2.054193,1,-1339.000000,2,-62.600000,-1401.600000,-6173,-5929
328,2.059348,1,-1339.000000,2,-62.600000,-1401.600000,-6173,-5929
329,2.064568,1,-1339.000000,2,-62.600000,-1401.600000,-6173,-5929
330,2.069699,1,-1876.000000,2,-62.600000,-1938.600000,-6710,-5929
331,2.075039,1,-1876.000000,2,-62.600000,-1938.600000,-6710,-5929
332,2.080134,1,-1876.000000,2,-62.600000,-1938.600000,-6710,-5929
333,2.085207,1,-1876.000000,2,-62.600000,-1938.600000,-6710,-5929
334,2.090428,1,-1876.000000,2,-62.600000,-1938.600000,-6710,-5929
335,2.095612,1,-1876.000000,2,-62.600000,-1938.600000,-6710,-5929
336,2.100779,1,-1876.000000,2,-62.600000,-1938.600000,-6710,-5929
337,2.106056,1,-1876.000000,2,-62.600000,-1938.600000,-6710,-5929
338,2.111967,1,-1876.000000,2,-106.600000,-1982.600000,-6710,-5973
339,2.116867,1,-1876.000000,2,-106.600000,-1982.600000,-6710,-5973
340,2.122177,1,-1876.000000,2,-106.600000,-1982.600000,-6710,-5973
341,2.127542,1,-1876.000000,2,-106.600000,-1982.600000,-6710,-5973
342,2.132454,1,-1876.000000,2,-106.600000,-1982.600000,-6710,-5973
343,2.137647,1,-1876.000000,2,-106.600000,-1982.600000,-6710,-5973
344,2.142833,1,-1876.000000,2,-106.600000,-1982.600000,-6710,-5973
345,2.148093,1,-1876.000000,2,-106.600000,-1982.600000,-6710,-5973
346,2.153267,1,-1876.000000,2,-106.600000,-1982.600000,-6710,-5973
347,2.158501,1,-1876.000000,2,-106.600000,-1982.600000,-6710,-5973
348,2.163644,1,-1876.000000,2,-106.600000,-1982.600000,-6710,-5973
349,2.168959,1,-2206.000000,2,-106.600000,-2312.600000,-7040,-5973
350,2.174135,1,-2206.000000,2,-106.600000,-2312.600000,-7040,-5973
351,2.179383,1,-2206.000000,2,-106.600000,-2312.600000,-7040,-5973
352,2.185008,1,-2206.000000,2,-106.600000,-2312.600000,-7040,-5973
353,2.189771,1,-2206.000000,2,-106.600000,-2312.600000,-7040,-5973
354,2.195399,1,-2206.000000,2,-106.600000,-2312.600000,-7040,-5973
355,2.200018,1,-2206.000000,2,-106.600000,-2312.600000,-7040,-5973
356,2.205364,1,-2206.000000,2,-106.600000,-2312.600000,-7040,-5973
357,2.210903,1,-2206.000000,2,-129.600000,-2335.600000,-7040,-5996
358,2.215620,1,-2206.000000,2,-129.600000,-2335.600000,-7040,-5996
359,2.220840,1,-2206.000000,2,-129.600000,-2335.600000,-7040,-5996
360,2.226017,1,-2206.000000,2,-129.600000,-2335.600000,-7040,-5996
361,2.231388,1,-2206.000000,2,-129.600000,-2335.600000,-7040,-5996
362,2.236448,1,-2206.000000,2,-129.600000,-2335.600000,-7040,-5996
363,2.241681,1,-2206.000000,2,-129.600000,-2335.600000,-7040,-5996
364,2.247037,1,-2206.000000,2,-129.600000,-2335.600000,-7040,-5996
365,2.252218,1,-2206.000000,2,-129.600000,-2335.600000,-7040,-5996
366,2.257845,1,-2206.000000,2,-129.600000,-2335.600000,-7040,-5996
367,2.263203,1,-2206.000000,2,-129.600000,-2335.600000,-7040,-5996
368,2.268877,1,-2401.000000,2,-129.600000,-2530.600000,-7235,-5996
369,2.274057,1,-2401.000000,2,-129.600000,-2530.600000,-7235,-5996
370,2.279246,1,-2401.000000,2,-129.600000,-2530.600000,-7235,-5996
371,2.284508,1,-2401.000000,2,-129.600000,-2530.600000,-7235,-5996
372,2.289672,1,-2401.000000,2,-129.600000,-2530.600000,-7235,-5996
373,2.294914,1,-2401.000000,2,-129.600000,-2530.600000,-7235,-5996
374,2.300110,1,-2401.000000,2,-129.600000,-2530.600000,-7235,-5996
375,2.305374,1,-2401.000000,2,-129.600000,-2530.600000,-7235,-5996
376,2.310070,1,-2401.000000,2,-137.600000,-2538.600000,-7235,-6004
377,2.315144,1,-2401.000000,2,-137.600000,-2538.600000,-7235,-6004
378,2.320253,1,-2401.000000,2,-137.600000,-2538.600000,-7235,-6004
379,2.324903,1,-2401.000000,2,-137.600000,-2538.600000,-7235,-6004
380,2.329503,1,-2401.000000,2,-137.600000,-2538.600000,-7235,-6004
381,2.334727,1,-2401.000000,2,-137.600000,-2538.600000,-7235,-6004
382,2.339356,1,-2401.000000,2,-137.600000,-2538.600000,-7235,-6004
383,2.344527,1,-2401.000000,2,-137.600000,-2538.600000,-7235,-6004
384,2.349778,1,-2401.000000,2,-137.600000,-2538.600000,-7235,-6004
385,2.354932,1,-2401.000000,2,-137.600000,-2538.600000,-7235,-6004
386,2.360268,1,-2401.000000,2,-137.600000,-2538.600000,-7235,-6004
387,2.365978,1,-2252.000000,2,-137.600000,-2389.600000,-7086,-6004
388,2.371096,1,-2252.000000,2,-137.600000,-2389.600000,-7086,-6004
389,2.376494,1,-2252.000000,2,-137.600000,-2389.600000,-7086,-6004
390,2.381583,1,-2252.000000,2,-137.600000,-2389.600000,-7086,-6004
391,2.386720,1,-2252.000000,2,-137.600000,-2389.600000,-7086,-6004
392,2.392080,1,-2252.000000,2,-137.600000,-2389.600000,-7086,-6004
393,2.397259,1,-2252.000000,2,-137.600000,-2389.600000,-7086,-6004
394,2.402413,1,-2252.000000,2,-137.600000,-2389.600000,-7086,-6004
395,2.407695,1,-2252.000000,2,-128.600000,-2380.600000,-7086,-5995
396,2.412689,1,-2252.000000,2,-128.600000,-2380.600000,-7086,-5995
397,2.417889,1,-2252.000000,2,-128.600000,-2380.600000,-7086,-5995
398,2.423348,1,-2252.000000,2,-128.600000,-2380.600000,-7086,-5995
399,2.428375,1,-2252.000000,2,-128.600000,-2380.600000,-7086,-5995
400,2.433484,1,-2252.000000,2,-128.600000,-2380.600000,-7086,-5995
401,2.438913,1,-2252.000000,2,-128.600000,-2380.600000,-7086,-5995
402,2.444115,1,-2252.000000,2,-128.600000,-2380.600000,-7086,-5995
403,2.449155,1,-2252.000000,2,-128.600000,-2380.600000,-7086,-5995
404,2.454469,1,-2252.000000,2,-128.600000,-2380.600000,-7086,-5995
405,2.459643,1,-2252.000000,2,-128.600000,-2380.600000,-7086,-5995
406,2.464764,1,-1489.000000,2,-128.600000,-1617.600000,-6323,-5995
407,2.469962,1,-1489.000000,2,-128.600000,-1617.600000,-6323,-5995
408,2.475132,1,-1489.000000,2,-128.600000,-1617.600000,-6323,-5995
409,2.480338,1,-1489.000000,2,-128.600000,-1617.600000,-6323,-5995
410,2.485643,1,-1489.000000,2,-128.600000,-1617.600000,-6323,-5995
411,2.490808,1,-1489.000000,2,-128.600000,-1617.600000,-6323,-5995
412,2.495932,1,-1489.000000,2,-128.600000,-1617.600000,-6323,-5995
413,2.501124,1,-1489.000000,2,-128.600000,-1617.600000,-6323,-5995
414,2.506499,1,-1489.000000,2,-90.600000,-1579.600000,-6323,-5957
415,2.511489,1,-1489.000000,2,-90.600000,-1579.600000,-6323,-5957
416,2.516726,1,-1489.000000,2,-90.600000,-1579.600000,-6323,-5957
417,2.521873,1,-1489.000000,2,-90.600000,-1579.600000,-6323,-5957
418,2.527002,1,-1489.000000,2,-90.600000,-1579.600000,-6323,-5957
419,2.532330,1,-1489.000000,2,-90.600000,-1579.600000,-6323,-5957
420,2.537359,1,-1489.000000,2,-90.600000,-1579.600000,-6323,-5957
421,2.542489,1,-1489.000000,2,-90.600000,-1579.600000,-6323,-5957
422,2.547700,1,-1489.000000,2,-90.600000,-1579.600000,-6323,-5957
423,2.552841,1,-1489.000000,2,-90.600000,-1579.600000,-6323,-5957
424,2.558000,1,-1489.000000,2,-90.600000,-1579.600000,-6323,-5957
425,2.564404,1,-541.000000,2,-90.600000,-631.600000,-5375,-5957
426,2.569492,1,-541.000000,2,-90.600000,-631.600000,-5375,-5957
427,2.574647,1,-541.000000,2,-90.600000,-631.600000,-5375,-5957
428,2.579866,1,-541.000000,2,-90.600000,-631.600000,-5375,-5957
429,2.584980,1,-541.000000,2,-90.600000,-631.600000,-5375,-5957
430,2.590150,1,-541.000000,2,-90.600000,-631.600000,-5375,-5957
431,2.595358,1,-541.000000,2,-90.600000,-631.600000,-5375,-5957
432,2.600561,1,-541.000000,2,-90.600000,-631.600000,-5375,-5957
433,2.605361,1,-541.000000,2,-36.600000,-577.600000,-5375,-5903
434,2.610874,1,-541.000000,2,-36.600000,-577.600000,-5375,-5903
435,2.616214,1,-541.000000,2,-36.600000,-577.600000,-5375,-5903
436,2.621191,1,-541.000000,2,-36.600000,-577.600000,-5375,-5903
437,2.626340,1,-541.000000,2,-36.600000,-577.600000,-5375,-5903
438,2.631498,1,-541.000000,2,-36.600000,-577.600000,-5375,-5903
439,2.636689,1,-541.000000,2,-36.600000,-577.600000,-5375,-5903
440,2.641937,1,-541.000000,2,-36.600000,-577.600000,-5375,-5903
441,2.647097,1,-541.000000,2,-36.600000,-577.600000,-5375,-5903
442,2.652276,1,-541.000000,2,-36.600000,-577.600000,-5375,-5903
443,2.657411,1,-541.000000,2,-36.600000,-577.600000,-5375,-5903
444,2.663195,1,-69.000000,2,-36.600000,-105.600000,-4903,-5903
445,2.668413,1,-69.000000,2,-36.600000,-105.600000,-4903,-5903
446,2.673481,1,-69.000000,2,-36.600000,-105.600000,-4903,-5903
447,2.678687,1,-69.000000,2,-36.600000,-105.600000,-4903,-5903
448,2.683901,1,-69.000000,2,-36.600000,-105.600000,-4903,-5903
449,2.689187,1,-69.000000,2,-36.600000,-105.600000,-4903,-5903
450,2.694170,1,-69.000000,2,-36.600000,-105.600000,-4903,-5903
451,2.699362,1,-69.000000,2,-36.600000,-105.600000,-4903,-5903
452,2.704785,1,-69.000000,2,-3.600000,-72.600000,-4903,-5870
453,2.709785,1,-69.000000,2,-3.600000,-72.600000,-4903,-5870
454,2.714924,1,-69.000000,2,-3.600000,-72.600000,-4903,-5870
455,2.720149,1,-69.000000,2,-3.600000,-72.600000,-4903,-5870
456,2.725405,1,-69.000000,2,-3.600000,-72.600000,-4903,-5870
457,2.730491,1,-69.000000,2,-3.600000,-72.600000,-4903,-5870
458,2.735695,1,-69.000000,2,-3.600000,-72.600000,-4903,-5870
459,2.740897,1,-69.000000,2,-3.600000,-72.600000,-4903,-5870
460,2.746149,1,-69.000000,2,-3.600000,-72.600000,-4903,-5870
461,2.751407,1,-69.000000,2,-3.600000,-72.600000,-4903,-5870
462,2.756498,1,-69.000000,2,-3.600000,-72.600000,-4903,-5870
463,2.762365,1,-1.000000,2,-3.600000,-4.600000,-4835,-5870
464,2.767488,1,-1.000000,2,-3.600000,-4.600000,-4835,-5870
465,2.772665,1,-1.000000,2,-3.600000,-4.600000,-4835,-5870
466,2.777903,1,-1.000000,2,-3.600000,-4.600000,-4835,-5870
467,2.783033,1,-1.000000,2,-3.600000,-4.600000,-4835,-5870
468,2.788228,1,-1.000000,2,-3.600000,-4.600000,-4835,-5870
469,2.793530,1,-1.000000,2,-3.600000,-4.600000,-4835,-5870
470,2.798620,1,-1.000000,2,-3.600000,-4.600000,-4835,-5870
471,2.803400,1,-1.000000,2,2.400000,1.400000,-4835,-5864
472,2.808424,1,-1.000000,2,2.400000,1.400000,-4835,-5864
473,2.813634,1,-1.000000,2,2.400000,1.400000,-4835,-5864
474,2.818828,1,-1.000000,2,2.400000,1.400000,-4835,-5864
475,2.824031,1,-1.000000,2,2.400000,1.400000,-4835,-5864
476,2.829169,1,-1.000000,2,2.400000,1.400000,-4835,-5864
477,2.833782,1,-1.000000,2,2.400000,1.400000,-4835,-5864
478,2.838483,1,-1.000000,2,2.400000,1.400000,-4835,-5864
479,2.844210,1,-1.000000,2,2.400000,1.400000,-4835,-5864
480,2.849364,1,-1.000000,2,2.400000,1.400000,-4835,-5864
481,2.854631,1,-1.000000,2,2.400000,1.400000,-4835,-5864
482,2.861496,1,-4.000000,2,2.400000,-1.600000,-4838,-5864
483,2.866737,1,-4.000000,2,2.400000,-1.600000,-4838,-5864
484,2.871942,1,-4.000000,2,2.400000,-1.600000,-4838,-5864
485,2.877074,1,-4.000000,2,2.400000,-1.600000,-4838,-5864
486,2.882291,1,-4.000000,2,2.400000,-1.600000,-4838,-5864
487,2.887469,1,-4.000000,2,2.400000,-1.600000,-4838,-5864
488,2.892654,1,-4.000000,2,2.400000,-1.600000,-4838,-5864
489,2.897802,1,-4.000000,2,2.400000,-1.600000,-4838,-5864
490,2.903415,1,-4.000000,2,3.400000,-0.600000,-4838,-5863
491,2.909176,1,-4.000000,2,3.400000,-0.600000,-4838,-5863
492,2.914329,1,-4.000000,2,3.400000,-0.600000,-4838,-5863
493,2.919483,1,-4.000000,2,3.400000,-0.600000,-4838,-5863
494,2.924664,1,-4.000000,2,3.400000,-0.600000,-4838,-5863
495,2.930013,1,-4.000000,2,3.400000,-0.600000,-4838,-5863
496,2.935100,1,-4.000000,2,3.400000,-0.600000,-4838,-5863
497,2.940355,1,-4.000000,2,3.400000,-0.600000,-4838,-5863
498,2.945521,1,-4.000000,2,3.400000,-0.600000,-4838,-5863
499,2.950765,1,-4.000000,2,3.400000,-0.600000,-4838,-5863
500,2.955950,1,-4.000000,2,3.400000,-0.600000,-4838,-5863
501,3.015015,1,-92.000000,2,-19.600000,-111.600000,-4926,-5886
502,3.077027,1,-92.000000,2,-19.600000,-111.600000,-4926,-5886
503,3.082236,1,-261.000000,2,-19.600000,-280.600000,-5095,-5886
504,3.087470,1,-261.000000,2,-19.600000,-280.600000,-5095,-5886
505,3.092660,1,-261.000000,2,-19.600000,-280.600000,-5095,-5886
506,3.098583,1,-261.000000,2,-31.600000,-292.600000,-5095,-5898
507,3.103569,1,-261.000000,2,-31.600000,-292.600000,-5095,-5898
508,3.109225,1,-261.000000,2,-31.600000,-292.600000,-5095,-5898
509,3.114419,1,-261.000000,2,-31.600000,-292.600000,-5095,-5898
510,3.119573,1,-261.000000,2,-31.600000,-292.600000,-5095,-5898
511,3.124814,1,-261.000000,2,-31.600000,-292.600000,-5095,-5898
512,3.129989,1,-261.000000,2,-31.600000,-292.600000,-5095,-5898
513,3.135161,1,-261.000000,2,-31.600000,-292.600000,-5095,-5898
514,3.140252,1,-261.000000,2,-31.600000,-292.600000,-5095,-5898
515,3.145408,1,-261.000000,2,-31.600000,-292.600000,-5095,-5898
516,3.150693,1,-261.000000,2,-31.600000,-292.600000,-5095,-5898
517,3.155794,1,-261.000000,2,-31.600000,-292.600000,-5095,-5898
518,3.160904,1,-608.000000,2,-31.600000,-639.600000,-5442,-5898
519,3.166080,1,-608.000000,2,-31.600000,-639.600000,-5442,-5898
520,3.171277,1,-608.000000,2,-31.600000,-639.600000,-5442,-5898
521,3.176438,1,-608.000000,2,-31.600000,-639.600000,-5442,-5898
522,3.181612,1,-608.000000,2,-31.600000,-639.600000,-5442,-5898
523,3.186842,1,-608.000000,2,-31.600000,-639.600000,-5442,-5898
524,3.191918,1,-608.000000,2,-31.600000,-639.600000,-5442,-5898
525,3.197344,1,-608.000000,2,-55.600000,-663.600000,-5442,-5922
526,3.202796,1,-608.000000,2,-55.600000,-663.600000,-5442,-5922
527,3.207981,1,-608.000000,2,-55.600000,-663.600000,-5442,-5922
528,3.213283,1,-608.000000,2,-55.600000,-663.600000,-5442,-5922
529,3.218402,1,-608.000000,2,-55.600000,-663.600000,-5442,-5922
530,3.223445,1,-608.000000,2,-55.600000,-663.600000,-5442,-5922
531,3.228686,1,-608.000000,2,-55.600000,-663.600000,-5442,-5922
532,3.233928,1,-608.000000,2,-55.600000,-663.600000,-5442,-5922
533,3.239620,1,-608.000000,2,-55.600000,-663.600000,-5442,-5922
534,3.244698,1,-608.000000,2,-55.600000,-663.600000,-5442,-5922
535,3.249935,1,-608.000000,2,-55.600000,-663.600000,-5442,-5922
536,3.255136,1,-608.000000,2,-55.600000,-663.600000,-5442,-5922
537,3.260270,1,-1280.000000,2,-55.600000,-1335.600000,-6114,-5922
538,3.265437,1,-1280.000000,2,-55.600000,-1335.600000,-6114,-5922
539,3.270536,1,-1280.000000,2,-55.600000,-1335.600000,-6114,-5922
540,3.275724,1,-1280.000000,2,-55.600000,-1335.600000,-6114,-5922
541,3.280885,1,-1280.000000,2,-55.600000,-1335.600000,-6114,-5922
542,3.286046,1,-1280.000000,2,-55.600000,-1335.600000,-6114,-5922
543,3.291253,1,-1280.000000,2,-55.600000,-1335.600000,-6114,-5922
544,3.296664,1,-1280.000000,2,-115.600000,-1395.600000,-6114,-5982
545,3.301646,1,-1280.000000,2,-115.600000,-1395.600000,-6114,-5982
546,3.306777,1,-1280.000000,2,-115.600000,-1395.600000,-6114,-5982
547,3.312035,1,-1280.000000,2,-115.600000,-1395.600000,-6114,-5982
548,3.317207,1,-1280.000000,2,-115.600000,-1395.600000,-6114,-5982
549,3.322514,1,-1280.000000,2,-115.600000,-1395.600000,-6114,-5982
550,3.327571,1,-1280.000000,2,-115.600000,-1395.600000,-6114,-5982
551,3.332927,1,-1280.000000,2,-115.600000,-1395.600000,-6114,-5982
552,3.338117,1,-1280.000000,2,-115.600000,-1395.600000,-6114,-5982
553,3.343209,1,-1280.000000,2,-115.600000,-1395.600000,-6114,-5982
554,3.348435,1,-1280.000000,2,-115.600000,-1395.600000,-6114,-5982
555,3.353634,1,-1280.000000,2,-115.600000,-1395.600000,-6114,-5982
556,3.359004,1,-1646.000000,2,-115.600000,-1761.600000,-6480,-5982
557,3.364066,1,-1646.000000,2,-115.600000,-1761.600000,-6480,-5982
558,3.369360,1,-1646.000000,2,-115.600000,-1761.600000,-6480,-5982
559,3.374499,1,-1646.000000,2,-115.600000,-1761.600000,-6480,-5982
560,3.379855,1,-1646.000000,2,-115.600000,-1761.600000,-6480,-5982
561,3.384894,1,-1646.000000,2,-115.600000,-1761.600000,-6480,-5982
562,3.390145,1,-1646.000000,2,-115.600000,-1761.600000,-6480,-5982
563,3.394955,1,-1646.000000,2,-133.600000,-1779.600000,-6480,-6000
564,3.400044,1,-1646.000000,2,-133.600000,-1779.600000,-6480,-6000
565,3.405172,1,-1646.000000,2,-133.600000,-1779.600000,-6480,-6000
566,3.410629,1,-1646.000000,2,-133.600000,-1779.600000,-6480,-6000
567,3.416414,1,-1646.000000,2,-133.600000,-1779.600000,-6480,-6000
568,3.422037,1,-1646.000000,2,-133.600000,-1779.600000,-6480,-6000
569,3.427278,1,-1646.000000,2,-133.600000,-1779.600000,-6480,-6000
570,3.432223,1,-1646.000000,2,-133.600000,-1779.600000,-6480,-6000
571,3.437343,1,-1646.000000,2,-133.600000,-1779.600000,-6480,-6000
572,3.442690,1,-1646.000000,2,-133.600000,-1779.600000,-6480,-6000
573,3.447889,1,-1646.000000,2,-133.600000,-1779.600000,-6480,-6000
574,3.453042,1,-1646.000000,2,-133.600000,-1779.600000,-6480,-6000
575,3.458172,1,-1194.000000,2,-133.600000,-1327.600000,-6028,-6000
576,3.463382,1,-1194.000000,2,-133.600000,-1327.600000,-6028,-6000
577,3.468569,1,-1194.000000,2,-133.600000,-1327.600000,-6028,-6000
578,3.473757,1,-1194.000000,2,-133.600000,-1327.600000,-6028,-6000
579,3.479067,1,-1194.000000,2,-133.600000,-1327.600000,-6028,-6000
580,3.484402,1,-1194.000000,2,-133.600000,-1327.600000,-6028,-6000
581,3.489458,1,-1194.000000,2,-133.600000,-1327.600000,-6028,-6000
582,3.494674,1,-1194.000000,2,-71.600000,-1265.600000,-6028,-5938
583,3.499723,1,-1194.000000,2,-71.600000,-1265.600000,-6028,-5938
584,3.504850,1,-1194.000000,2,-71.600000,-1265.600000,-6028,-5938
585,3.510156,1,-1194.000000,2,-71.600000,-1265.600000,-6028,-5938
586,3.515216,1,-1194.000000,2,-71.600000,-1265.600000,-6028,-5938
587,3.520925,1,-1194.000000,2,-71.600000,-1265.600000,-6028,-5938
588,3.525550,1,-1194.000000,2,-71.600000,-1265.600000,-6028,-5938
589,3.530291,1,-1194.000000,2,-71.600000,-1265.600000,-6028,-5938
590,3.535925,1,-1194.000000,2,-71.600000,-1265.600000,-6028,-5938
591,3.541224,1,-1194.000000,2,-71.600000,-1265.600000,-6028,-5938
592,3.546962,1,-1194.000000,2,-71.600000,-1265.600000,-6028,-5938
593,3.552306,1,-1194.000000,2,-71.600000,-1265.600000,-6028,-5938
594,3.557864,1,-437.000000,2,-71.600000,-508.600000,-5271,-5938
595,3.563646,1,-437.000000,2,-71.600000,-508.600000,-5271,-5938
596,3.569408,1,-437.000000,2,-71.600000,-508.600000,-5271,-5938
597,3.575032,1,-437.000000,2,-71.600000,-508.600000,-5271,-5938
598,3.580241,1,-437.000000,2,-71.600000,-508.600000,-5271,-5938
599,3.585932,1,-437.000000,2,-71.600000,-508.600000,-5271,-5938
600,3.592615,1,-437.000000,2,-5.600000,-442.600000,-5271,-5872
601,3.598061,1,-437.000000,2,-5.600000,-442.600000,-5271,-5872
602,3.603071,1,-437.000000,2,-5.600000,-442.600000,-5271,-5872
603,3.607835,1,-437.000000,2,-5.600000,-442.600000,-5271,-5872
604,3.613069,1,-437.000000,2,-5.600000,-442.600000,-5271,-5872
605,3.618928,1,-437.000000,2,-5.600000,-442.600000,-5271,-5872
606,3.624400,1,-437.000000,2,-5.600000,-442.600000,-5271,-5872
607,3.630252,1,-437.000000,2,-5.600000,-442.600000,-5271,-5872
608,3.635893,1,-437.000000,2,-5.600000,-442.600000,-5271,-5872
609,3.641796,1,-437.000000,2,-5.600000,-442.600000,-5271,-5872
610,3.646962,1,-437.000000,2,-5.600000,-442.600000,-5271,-5872
611,3.653792,1,-45.000000,2,-5.600000,-50.600000,-4879,-5872
612,3.658889,1,-45.000000,2,-5.600000,-50.600000,-4879,-5872
613,3.664217,1,-45.000000,2,-5.600000,-50.600000,-4879,-5872
614,3.669817,1,-45.000000,2,-5.600000,-50.600000,-4879,-5872
615,3.675717,1,-45.000000,2,-5.600000,-50.600000,-4879,-5872
616,3.680898,1,-45.000000,2,-5.600000,-50.600000,-4879,-5872
617,3.686460,1,-45.000000,2,-5.600000,-50.600000,-4879,-5872
618,3.691291,1,-45.000000,2,5.400000,-39.600000,-4879,-5861
619,3.696244,1,-45.000000,2,5.400000,-39.600000,-4879,-5861
620,3.701389,1,-45.000000,2,5.400000,-39.600000,-4879,-5861
621,3.706596,1,-45.000000,2,5.400000,-39.600000,-4879,-5861
622,3.711233,1,-45.000000,2,5.400000,-39.600000,-4879,-5861
623,3.716475,1,-45.000000,2,5.400000,-39.600000,-4879,-5861
624,3.721699,1,-45.000000,2,5.400000,-39.600000,-4879,-5861
625,3.726780,1,-45.000000,2,5.400000,-39.600000,-4879,-5861
626,3.732036,1,-45.000000,2,5.400000,-39.600000,-4879,-5861
627,3.737188,1,-45.000000,2,5.400000,-39.600000,-4879,-5861
628,3.742696,1,-45.000000,2,5.400000,-39.600000,-4879,-5861
629,3.747624,1,-45.000000,2,5.400000,-39.600000,-4879,-5861
630,3.752789,1,-3.000000,2,5.400000,2.400000,-4837,-5861
631,3.757989,1,-3.000000,2,5.400000,2.400000,-4837,-5861
632,3.763151,1,-3.000000,2,5.400000,2.400000,-4837,-5861
633,3.768361,1,-3.000000,2,5.400000,2.400000,-4837,-5861
634,3.773551,1,-3.000000,2,5.400000,2.400000,-4837,-5861
635,3.778737,1,-3.000000,2,5.400000,2.400000,-4837,-5861
636,3.783929,1,-3.000000,2,5.400000,2.400000,-4837,-5861
637,3.789949,1,-3.000000,2,5.400000,2.400000,-4837,-5861
638,3.794552,1,-3.000000,2,5.400000,2.400000,-4837,-5861
639,3.799177,1,-3.000000,2,4.400000,1.400000,-4837,-5862
640,3.804501,1,-3.000000,2,4.400000,1.400000,-4837,-5862
641,3.809664,1,-3.000000,2,4.400000,1.400000,-4837,-5862
642,3.815344,1,-3.000000,2,4.400000,1.400000,-4837,-5862
643,3.821090,1,-3.000000,2,4.400000,1.400000,-4837,-5862
644,3.826401,1,-3.000000,2,4.400000,1.400000,-4837,-5862
645,3.831445,1,-3.000000,2,4.400000,1.400000,-4837,-5862
646,3.836775,1,-3.000000,2,4.400000,1.400000,-4837,-5862
647,3.841929,1,-3.000000,2,4.400000,1.400000,-4837,-5862
648,3.847171,1,-3.000000,2,4.400000,1.400000,-4837,-5862
649,3.852230,1,-3.000000,2,4.400000,1.400000,-4837,-5862
650,3.857558,1,-3.000000,2,4.400000,1.400000,-4837,-5862
651,3.862732,1,-3.000000,2,4.400000,1.400000,-4837,-5862
652,3.867950,1,-3.000000,2,4.400000,1.400000,-4837,-5862
653,3.872982,1,-3.000000,2,4.400000,1.400000,-4837,-5862
654,3.878386,1,-3.000000,2,4.400000,1.400000,-4837,-5862
655,3.883925,1,-3.000000,2,4.400000,1.400000,-4837,-5862
656,3.888875,1,-3.000000,2,4.400000,1.400000,-4837,-5862
657,3.893949,1,-3.000000,2,4.400000,1.400000,-4837,-5862
658,3.899201,1,-3.000000,2,4.400000,1.400000,-4837,-5862
659,3.904351,1,-3.000000,2,4.400000,1.400000,-4837,-5862
660,3.909662,1,-3.000000,2,4.400000,1.400000,-4837,-5862
661,3.914721,1,-3.000000,2,4.400000,1.400000,-4837,-5862
662,3.919895,1,-3.000000,2,4.400000,1.400000,-4837,-5862
663,3.925240,1,-3.000000,2,4.400000,1.400000,-4837,-5862
664,3.930392,1,-3.000000,2,4.400000,1.400000,-4837,-5862
665,3.935490,1,-3.000000,2,4.400000,1.400000,-4837,-5862
666,3.940679,1,-3.000000,2,4.400000,1.400000,-4837,-5862
667,3.945849,1,-3.000000,2,4.400000,1.400000,-4837,-5862
668,4.007754,1,-21.000000,2,0.400000,-20.600000,-4855,-5866
669,4.069446,1,-21.000000,2,0.400000,-20.600000,-4855,-5866
670,4.075402,1,-181.000000,2,0.400000,-180.600000,-5015,-5866
671,4.080982,1,-181.000000,2,0.400000,-180.600000,-5015,-5866
672,4.086438,1,-181.000000,2,-29.600000,-210.600000,-5015,-5896
673,4.091268,1,-181.000000,2,-29.600000,-210.600000,-5015,-5896
674,4.095859,1,-181.000000,2,-29.600000,-210.600000,-5015,-5896
675,4.100489,1,-181.000000,2,-29.600000,-210.600000,-5015,-5896
676,4.106222,1,-181.000000,2,-29.600000,-210.600000,-5015,-5896
677,4.111818,1,-181.000000,2,-29.600000,-210.600000,-5015,-5896
678,4.117044,1,-181.000000,2,-29.600000,-210.600000,-5015,-5896
679,4.122284,1,-181.000000,2,-29.600000,-210.600000,-5015,-5896
680,4.127344,1,-181.000000,2,-29.600000,-210.600000,-5015,-5896
681,4.132477,1,-181.000000,2,-29.600000,-210.600000,-5015,-5896
682,4.137662,1,-181.000000,2,-29.600000,-210.600000,-5015,-5896
683,4.142803,1,-181.000000,2,-29.600000,-210.600000,-5015,-5896
684,4.148538,1,-504.000000,2,-29.600000,-533.600000,-5338,-5896
685,4.153705,1,-504.000000,2,-29.600000,-533.600000,-5338,-5896
686,4.158992,1,-504.000000,2,-29.600000,-533.600000,-5338,-5896
687,4.164008,1,-504.000000,2,-29.600000,-533.600000,-5338,-5896
688,4.169215,1,-504.000000,2,-29.600000,-533.600000,-5338,-5896
689,4.174346,1,-504.000000,2,-29.600000,-533.600000,-5338,-5896
690,4.179487,1,-504.000000,2,-29.600000,-533.600000,-5338,-5896
691,4.184997,1,-504.000000,2,-61.600000,-565.600000,-5338,-5928
692,4.189832,1,-504.000000,2,-61.600000,-565.600000,-5338,-5928
693,4.195179,1,-504.000000,2,-61.600000,-565.600000,-5338,-5928
694,4.200322,1,-504.000000,2,-61.600000,-565.600000,-5338,-5928
695,4.205493,1,-504.000000,2,-61.600000,-565.600000,-5338,-5928
696,4.210553,1,-504.000000,2,-61.600000,-565.600000,-5338,-5928
697,4.215721,1,-504.000000,2,-61.600000,-565.600000,-5338,-5928
698,4.221059,1,-504.000000,2,-61.600000,-565.600000,-5338,-5928
699,4.226253,1,-504.000000,2,-61.600000,-565.600000,-5338,-5928
700,4.231430,1,-504.000000,2,-61.600000,-565.600000,-5338,-5928
701,4.237001,1,-504.000000,2,-61.600000,-565.600000,-5338,-5928
702,4.242207,1,-504.000000,2,-61.600000,-565.600000,-5338,-5928
703,4.247951,1,-830.000000,2,-61.600000,-891.600000,-5664,-5928
704,4.253131,1,-830.000000,2,-61.600000,-891.600000,-5664,-5928
705,4.258440,1,-830.000000,2,-61.600000,-891.600000,-5664,-5928
706,4.263464,1,-830.000000,2,-61.600000,-891.600000,-5664,-5928
707,4.268697,1,-830.000000,2,-61.600000,-891.600000,-5664,-5928
708,4.273257,1,-830.000000,2,-61.600000,-891.600000,-5664,-5928
709,4.278479,1,-830.000000,2,-61.600000,-891.600000,-5664,-5928
710,4.283976,1,-830.000000,2,-72.600000,-902.600000,-5664,-5939
711,4.289497,1,-830.000000,2,-72.600000,-902.600000,-5664,-5939
712,4.295141,1,-830.000000,2,-72.600000,-902.600000,-5664,-5939
713,4.300961,1,-830.000000,2,-72.600000,-902.600000,-5664,-5939
714,4.306056,1,-830.000000,2,-72.600000,-902.600000,-5664,-5939
715,4.311199,1,-830.000000,2,-72.600000,-902.600000,-5664,-5939
716,4.316546,1,-830.000000,2,-72.600000,-902.600000,-5664,-5939
717,4.321705,1,-830.000000,2,-72.600000,-902.600000,-5664,-5939
718,4.326894,1,-830.000000,2,-72.600000,-902.600000,-5664,-5939
719,4.331926,1,-830.000000,2,-72.600000,-902.600000,-5664,-5939
720,4.337100,1,-830.000000,2,-72.600000,-902.600000,-5664,-5939
721,4.342333,1,-830.000000,2,-72.600000,-902.600000,-5664,-5939
722,4.347477,1,-1001.000000,2,-72.600000,-1073.600000,-5835,-5939
723,4.352695,1,-1001.000000,2,-72.600000,-1073.600000,-5835,-5939
724,4.357949,1,-1001.000000,2,-72.600000,-1073.600000,-5835,-5939
725,4.363235,1,-1001.000000,2,-72.600000,-1073.600000,-5835,-5939
726,4.368447,1,-1001.000000,2,-72.600000,-1073.600000,-5835,-5939
727,4.373489,1,-1001.000000,2,-72.600000,-1073.600000,-5835,-5939
728,4.378646,1,-1001.000000,2,-72.600000,-1073.600000,-5835,-5939
729,4.383954,1,-1001.000000,2,-68.600000,-1069.600000,-5835,-5935
730,4.388998,1,-1001.000000,2,-68.600000,-1069.600000,-5835,-5935
731,4.394149,1,-1001.000000,2,-68.600000,-1069.600000,-5835,-5935
732,4.399449,1,-1001.000000,2,-68.600000,-1069.600000,-5835,-5935
733,4.404639,1,-1001.000000,2,-68.600000,-1069.600000,-5835,-5935
734,4.409788,1,-1001.000000,2,-68.600000,-1069.600000,-5835,-5935
735,4.414870,1,-1001.000000,2,-68.600000,-1069.600000,-5835,-5935
736,4.420075,1,-1001.000000,2,-68.600000,-1069.600000,-5835,-5935
737,4.425351,1,-1001.000000,2,-68.600000,-1069.600000,-5835,-5935
738,4.430589,1,-1001.000000,2,-68.600000,-1069.600000,-5835,-5935
739,4.435649,1,-1001.000000,2,-68.600000,-1069.600000,-5835,-5935
740,4.440825,1,-1001.000000,2,-68.600000,-1069.600000,-5835,-5935
741,4.446138,1,-880.000000,2,-68.600000,-948.600000,-5714,-5935
742,4.451313,1,-880.000000,2,-68.600000,-948.600000,-5714,-5935
743,4.456373,1,-880.000000,2,-68.600000,-948.600000,-5714,-5935
744,4.461608,1,-880.000000,2,-68.600000,-948.600000,-5714,-5935
745,4.466820,1,-880.000000,2,-68.600000,-948.600000,-5714,-5935
746,4.471990,1,-880.000000,2,-68.600000,-948.600000,-5714,-5935
747,4.477272,1,-880.000000,2,-68.600000,-948.600000,-5714,-5935
748,4.482427,1,-880.000000,2,-50.600000,-930.600000,-5714,-5917
749,4.487545,1,-880.000000,2,-50.600000,-930.600000,-5714,-5917
750,4.492676,1,-880.000000,2,-50.600000,-930.600000,-5714,-5917
751,4.497847,1,-880.000000,2,-50.600000,-930.600000,-5714,-5917
752,4.503385,1,-880.000000,2,-50.600000,-930.600000,-5714,-5917
753,4.509026,1,-880.000000,2,-50.600000,-930.600000,-5714,-5917
754,4.514049,1,-880.000000,2,-50.600000,-930.600000,-5714,-5917
755,4.519906,1,-880.000000,2,-50.600000,-930.600000,-5714,-5917
756,4.525460,1,-880.000000,2,-50.600000,-930.600000,-5714,-5917
757,4.530234,1,-880.000000,2,-50.600000,-930.600000,-5714,-5917
758,4.535465,1,-880.000000,2,-50.600000,-930.600000,-5714,-5917
759,4.541050,1,-880.000000,2,-50.600000,-930.600000,-5714,-5917
760,4.546384,1,-455.000000,2,-50.600000,-505.600000,-5289,-5917
761,4.551565,1,-455.000000,2,-50.600000,-505.600000,-5289,-5917
762,4.556605,1,-455.000000,2,-50.600000,-505.600000,-5289,-5917
763,4.561790,1,-455.000000,2,-50.600000,-505.600000,-5289,-5917
764,4.567158,1,-455.000000,2,-50.600000,-505.600000,-5289,-5917
765,4.572175,1,-455.000000,2,-50.600000,-505.600000,-5289,-5917
766,4.577345,1,-455.000000,2,-50.600000,-505.600000,-5289,-5917
767,4.582621,1,-455.000000,2,-17.600000,-472.600000,-5289,-5884
768,4.587821,1,-455.000000,2,-17.600000,-472.600000,-5289,-5884
769,4.593030,1,-455.000000,2,-17.600000,-472.600000,-5289,-5884
770,4.598071,1,-455.000000,2,-17.600000,-472.600000,-5289,-5884
771,4.603377,1,-455.000000,2,-17.600000,-472.600000,-5289,-5884
772,4.608607,1,-455.000000,2,-17.600000,-472.600000,-5289,-5884
773,4.613737,1,-455.000000,2,-17.600000,-472.600000,-5289,-5884
774,4.619205,1,-455.000000,2,-17.600000,-472.600000,-5289,-5884
775,4.624666,1,-455.000000,2,-17.600000,-472.600000,-5289,-5884
776,4.629886,1,-455.000000,2,-17.600000,-472.600000,-5289,-5884
777,4.635058,1,-455.000000,2,-17.600000,-472.600000,-5289,-5884
778,4.640221,1,-455.000000,2,-17.600000,-472.600000,-5289,-5884
779,4.645422,1,-94.000000,2,-17.600000,-111.600000,-4928,-5884
780,4.650796,1,-94.000000,2,-17.600000,-111.600000,-4928,-5884
781,4.655964,1,-94.000000,2,-17.600000,-111.600000,-4928,-5884
782,4.661647,1,-94.000000,2,-17.600000,-111.600000,-4928,-5884
783,4.666956,1,-94.000000,2,-17.600000,-111.600000,-4928,-5884
784,4.672285,1,-94.000000,2,-17.600000,-111.600000,-4928,-5884
785,4.678558,1,-94.000000,2,7.400000,-86.600000,-4928,-5859
786,4.684109,1,-94.000000,2,7.400000,-86.600000,-4928,-5859
787,4.688695,1,-94.000000,2,7.400000,-86.600000,-4928,-5859
788,4.693943,1,-94.000000,2,7.400000,-86.600000,-4928,-5859
789,4.699643,1,-94.000000,2,7.400000,-86.600000,-4928,-5859
790,4.705111,1,-94.000000,2,7.400000,-86.600000,-4928,-5859
791,4.709976,1,-94.000000,2,7.400000,-86.600000,-4928,-5859
792,4.715160,1,-94.000000,2,7.400000,-86.600000,-4928,-5859
793,4.720350,1,-94.000000,2,7.400000,-86.600000,-4928,-5859
794,4.725600,1,-94.000000,2,7.400000,-86.600000,-4928,-5859
795,4.730927,1,-94.000000,2,7.400000,-86.600000,-4928,-5859
796,4.736558,1,-94.000000,2,7.400000,-86.600000,-4928,-5859
797,4.741683,1,-94.000000,2,7.400000,-86.600000,-4928,-5859
798,4.746932,1,-7.000000,2,7.400000,0.400000,-4841,-5859
799,4.752070,1,-7.000000,2,7.400000,0.400000,-4841,-5859
800,4.757408,1,-7.000000,2,7.400000,0.400000,-4841,-5859
801,4.762509,1,-7.000000,2,7.400000,0.400000,-4841,-5859
802,4.767082,1,-7.000000,2,7.400000,0.400000,-4841,-5859
803,4.771790,1,-7.000000,2,7.400000,0.400000,-4841,-5859
804,4.777180,1,-7.000000,2,7.400000,0.400000,-4841,-5859
805,4.782385,1,-7.000000,2,7.400000,0.400000,-4841,-5859
806,4.787563,1,-7.000000,2,7.400000,0.400000,-4841,-5859
807,4.792729,1,-7.000000,2,7.400000,0.400000,-4841,-5859
808,4.798059,1,-7.000000,2,7.400000,0.400000,-4841,-5859
809,4.803073,1,-7.000000,2,7.400000,0.400000,-4841,-5859
810,4.808343,1,-7.000000,2,7.400000,0.400000,-4841,-5859
811,4.813564,1,-7.000000,2,7.400000,0.400000,-4841,-5859
812,4.818641,1,-7.000000,2,7.400000,0.400000,-4841,-5859
813,4.823798,1,-7.000000,2,7.400000,0.400000,-4841,-5859
814,4.829120,1,-7.000000,2,7.400000,0.400000,-4841,-5859
815,4.834323,1,-7.000000,2,7.400000,0.400000,-4841,-5859
816,4.839444,1,-7.000000,2,7.400000,0.400000,-4841,-5859
817,4.844691,1,-41.000000,2,7.400000,-33.600000,-4875,-5859
818,4.849877,1,-41.000000,2,7.400000,-33.600000,-4875,-5859
819,4.855078,1,-41.000000,2,7.400000,-33.600000,-4875,-5859
820,4.860070,1,-41.000000,2,7.400000,-33.600000,-4875,-5859
821,4.865392,1,-41.000000,2,7.400000,-33.600000,-4875,-5859
822,4.870459,1,-41.000000,2,7.400000,-33.600000,-4875,-5859
823,4.875875,1,-41.000000,2,11.400000,-29.600000,-4875,-5855
824,4.881426,1,-41.000000,2,11.400000,-29.600000,-4875,-5855
825,4.886061,1,-41.000000,2,11.400000,-29.600000,-4875,-5855
826,4.891245,1,-41.000000,2,11.400000,-29.600000,-4875,-5855
827,4.896574,1,-41.000000,2,11.400000,-29.600000,-4875,-5855
828,4.901644,1,-41.000000,2,11.400000,-29.600000,-4875,-5855
829,4.907452,1,-41.000000,2,11.400000,-29.600000,-4875,-5855
830,4.912746,1,-41.000000,2,11.400000,-29.600000,-4875,-5855
831,4.917792,1,-41.000000,2,11.400000,-29.600000,-4875,-5855
832,4.923062,1,-41.000000,2,11.400000,-29.600000,-4875,-5855
833,4.928224,1,-41.000000,2,11.400000,-29.600000,-4875,-5855
834,4.933592,1,-41.000000,2,11.400000,-29.600000,-4875,-5855
835,4.938688,1,-41.000000,2,11.400000,-29.600000,-4875,-5855
836,4.943889,1,-280.000000,2,11.400000,-268.600000,-5114,-5855
837,4.949155,1,-280.000000,2,11.400000,-268.600000,-5114,-5855
838,4.954358,1,-280.000000,2,11.400000,-268.600000,-5114,-5855
839,4.959484,1,-280.000000,2,11.400000,-268.600000,-5114,-5855
840,4.964757,1,-280.000000,2,11.400000,-268.600000,-5114,-5855
841,4.969898,1,-280.000000,2,11.400000,-268.600000,-5114,-5855
842,4.974723,1,-280.000000,2,-5.600000,-285.600000,-5114,-5872
843,4.979806,1,-280.000000,2,-5.600000,-285.600000,-5114,-5872
844,4.984969,1,-280.000000,2,-5.600000,-285.600000,-5114,-5872
845,4.990045,1,-280.000000,2,-5.600000,-285.600000,-5114,-5872
846,4.995296,1,-280.000000,2,-5.600000,-285.600000,-5114,-5872
847,5.000431,1,-280.000000,2,-5.600000,-285.600000,-5114,-5872
848,5.005576,1,-280.000000,2,-5.600000,-285.600000,-5114,-5872
849,5.010802,1,-280.000000,2,-5.600000,-285.600000,-5114,-5872
850,5.015982,1,-280.000000,2,-5.600000,-285.600000,-5114,-5872
851,5.021225,1,-280.000000,2,-5.600000,-285.600000,-5114,-5872
852,5.026948,1,-280.000000,2,-5.600000,-285.600000,-5114,-5872
853,5.032247,1,-280.000000,2,-5.600000,-285.600000,-5114,-5872
854,5.037336,1,-280.000000,2,-5.600000,-285.600000,-5114,-5872
855,5.042360,1,-697.000000,2,-5.600000,-702.600000,-5531,-5872
856,5.047003,1,-697.000000,2,-5.600000,-702.600000,-5531,-5872
857,5.052214,1,-697.000000,2,-5.600000,-702.600000,-5531,-5872
858,5.057417,1,-697.000000,2,-5.600000,-702.600000,-5531,-5872
859,5.063190,1,-697.000000,2,-5.600000,-702.600000,-5531,-5872
860,5.068291,1,-697.000000,2,-5.600000,-702.600000,-5531,-5872
861,5.073635,1,-697.000000,2,-60.600000,-757.600000,-5531,-5927
862,5.079180,1,-697.000000,2,-60.600000,-757.600000,-5531,-5927
863,5.083786,1,-697.000000,2,-60.600000,-757.600000,-5531,-5927
864,5.089041,1,-697.000000,2,-60.600000,-757.600000,-5531,-5927
865,5.094673,1,-697.000000,2,-60.600000,-757.600000,-5531,-5927
866,5.099864,1,-697.000000,2,-60.600000,-757.600000,-5531,-5927
867,5.105030,1,-697.000000,2,-60.600000,-757.600000,-5531,-5927
868,5.110262,1,-697.000000,2,-60.600000,-757.600000,-5531,-5927
869,5.115441,1,-697.000000,2,-60.600000,-757.600000,-5531,-5927
870,5.120619,1,-697.000000,2,-60.600000,-757.600000,-5531,-5927
871,5.125197,1,-697.000000,2,-60.600000,-757.600000,-5531,-5927
872,5.129863,1,-697.000000,2,-60.600000,-757.600000,-5531,-5927
873,5.134979,1,-697.000000,2,-60.600000,-757.600000,-5531,-5927
874,5.140162,1,-1032.000000,2,-60.600000,-1092.600000,-5866,-5927
875,5.145350,1,-1032.000000,2,-60.600000,-1092.600000,-5866,-5927
876,5.150471,1,-1032.000000,2,-60.600000,-1092.600000,-5866,-5927
877,5.155660,1,-1032.000000,2,-60.600000,-1092.600000,-5866,-5927
878,5.160852,1,-1032.000000,2,-60.600000,-1092.600000,-5866,-5927
879,5.166043,1,-1032.000000,2,-60.600000,-1092.600000,-5866,-5927
880,5.172004,1,-1032.000000,2,-112.600000,-1144.600000,-5866,-5979
881,5.177569,1,-1032.000000,2,-112.600000,-1144.600000,-5866,-5979
882,5.182792,1,-1032.000000,2,-112.600000,-1144.600000,-5866,-5979
883,5.187961,1,-1032.000000,2,-112.600000,-1144.600000,-5866,-5979
884,5.193227,1,-1032.000000,2,-112.600000,-1144.600000,-5866,-5979
885,5.197811,1,-1032.000000,2,-112.600000,-1144.600000,-5866,-5979
886,5.202998,1,-1032.000000,2,-112.600000,-1144.600000,-5866,-5979
887,5.208226,1,-1032.000000,2,-112.600000,-1144.600000,-5866,-5979
888,5.212906,1,-1032.000000,2,-112.600000,-1144.600000,-5866,-5979
889,5.217559,1,-1032.000000,2,-112.600000,-1144.600000,-5866,-5979
890,5.222736,1,-1032.000000,2,-112.600000,-1144.600000,-5866,-5979
891,5.227909,1,-1032.000000,2,-112.600000,-1144.600000,-5866,-5979
892,5.232615,1,-1032.000000,2,-112.600000,-1144.600000,-5866,-5979
893,5.238959,1,-1203.000000,2,-112.600000,-1315.600000,-6037,-5979
894,5.244152,1,-1203.000000,2,-112.600000,-1315.600000,-6037,-5979
895,5.249376,1,-1203.000000,2,-112.600000,-1315.600000,-6037,-5979
896,5.254640,1,-1203.000000,2,-112.600000,-1315.600000,-6037,-5979
897,5.259823,1,-1203.000000,2,-112.600000,-1315.600000,-6037,-5979
898,5.265061,1,-1203.000000,2,-112.600000,-1315.600000,-6037,-5979
899,5.271033,1,-1203.000000,2,-144.600000,-1347.600000,-6037,-6011
900,5.275987,1,-1203.000000,2,-144.600000,-1347.600000,-6037,-6011
901,5.281172,1,-1203.000000,2,-144.600000,-1347.600000,-6037,-6011
902,5.286380,1,-1203.000000,2,-144.600000,-1347.600000,-6037,-6011
903,5.291637,1,-1203.000000,2,-144.600000,-1347.600000,-6037,-6011
904,5.296836,1,-1203.000000,2,-144.600000,-1347.600000,-6037,-6011
905,5.302035,1,-1203.000000,2,-144.600000,-1347.600000,-6037,-6011
906,5.307353,1,-1203.000000,2,-144.600000,-1347.600000,-6037,-6011
907,5.312537,1,-1203.000000,2,-144.600000,-1347.600000,-6037,-6011
908,5.317670,1,-1203.000000,2,-144.600000,-1347.600000,-6037,-6011
909,5.322908,1,-1203.000000,2,-144.600000,-1347.600000,-6037,-6011
910,5.328180,1,-1203.000000,2,-144.600000,-1347.600000,-6037,-6011
911,5.333338,1,-1203.000000,2,-144.600000,-1347.600000,-6037,-6011
912,5.338573,1,-1225.000000,2,-144.600000,-1369.600000,-6059,-6011
913,5.343797,1,-1225.000000,2,-144.600000,-1369.600000,-6059,-6011
914,5.349020,1,-1225.000000,2,-144.600000,-1369.600000,-6059,-6011
915,5.354404,1,-1225.000000,2,-144.600000,-1369.600000,-6059,-6011
916,5.359599,1,-1225.000000,2,-144.600000,-1369.600000,-6059,-6011
917,5.364271,1,-1225.000000,2,-144.600000,-1369.600000,-6059,-6011
918,5.369650,1,-1225.000000,2,-147.600000,-1372.600000,-6059,-6014
919,5.375139,1,-1225.000000,2,-147.600000,-1372.600000,-6059,-6014
920,5.379753,1,-1225.000000,2,-147.600000,-1372.600000,-6059,-6014
921,5.384424,1,-1225.000000,2,-147.600000,-1372.600000,-6059,-6014
922,5.389157,1,-1225.000000,2,-147.600000,-1372.600000,-6059,-6014
923,5.393861,1,-1225.000000,2,-147.600000,-1372.600000,-6059,-6014
924,5.399614,1,-1225.000000,2,-147.600000,-1372.600000,-6059,-6014
925,5.404813,1,-1225.000000,2,-147.600000,-1372.600000,-6059,-6014
926,5.410023,1,-1225.000000,2,-147.600000,-1372.600000,-6059,-6014
927,5.415835,1,-1225.000000,2,-147.600000,-1372.600000,-6059,-6014
928,5.420944,1,-1225.000000,2,-147.600000,-1372.600000,-6059,-6014
929,5.425573,1,-1225.000000,2,-147.600000,-1372.600000,-6059,-6014
930,5.430342,1,-1225.000000,2,-147.600000,-1372.600000,-6059,-6014
931,5.436579,1,-959.000000,2,-147.600000,-1106.600000,-5793,-6014
932,5.441930,1,-959.000000,2,-147.600000,-1106.600000,-5793,-6014
933,5.447146,1,-959.000000,2,-147.600000,-1106.600000,-5793,-6014
934,5.452239,1,-959.000000,2,-147.600000,-1106.600000,-5793,-6014
935,5.457450,1,-959.000000,2,-147.600000,-1106.600000,-5793,-6014
936,5.462755,1,-959.000000,2,-147.600000,-1106.600000,-5793,-6014
937,5.468074,1,-959.000000,2,-99.600000,-1058.600000,-5793,-5966
938,5.473030,1,-959.000000,2,-99.600000,-1058.600000,-5793,-5966
939,5.478197,1,-959.000000,2,-99.600000,-1058.600000,-5793,-5966
940,5.483400,1,-959.000000,2,-99.600000,-1058.600000,-5793,-5966
941,5.488618,1,-959.000000,2,-99.600000,-1058.600000,-5793,-5966
942,5.493774,1,-959.000000,2,-99.600000,-1058.600000,-5793,-5966
943,5.499010,1,-959.000000,2,-99.600000,-1058.600000,-5793,-5966
944,5.504187,1,-959.000000,2,-99.600000,-1058.600000,-5793,-5966
945,5.509439,1,-959.000000,2,-99.600000,-1058.600000,-5793,-5966
946,5.514693,1,-959.000000,2,-99.600000,-1058.600000,-5793,-5966
947,5.520334,1,-959.000000,2,-99.600000,-1058.600000,-5793,-5966
948,5.525698,1,-959.000000,2,-99.600000,-1058.600000,-5793,-5966
949,5.530786,1,-959.000000,2,-99.600000,-1058.600000,-5793,-5966
950,5.536010,1,-454.000000,2,-99.600000,-553.600000,-5288,-5966
951,5.541213,1,-454.000000,2,-99.600000,-553.600000,-5288,-5966
952,5.546531,1,-454.000000,2,-99.600000,-553.600000,-5288,-5966
953,5.551601,1,-454.000000,2,-99.600000,-553.600000,-5288,-5966
954,5.556810,1,-454.000000,2,-99.600000,-553.600000,-5288,-5966
955,5.561966,1,-454.000000,2,-99.600000,-553.600000,-5288,-5966
956,5.567493,1,-454.000000,2,-33.600000,-487.600000,-5288,-5900
957,5.572919,1,-454.000000,2,-33.600000,-487.600000,-5288,-5900
958,5.578021,1,-454.000000,2,-33.600000,-487.600000,-5288,-5900
959,5.583320,1,-454.000000,2,-33.600000,-487.600000,-5288,-5900
960,5.588487,1,-454.000000,2,-33.600000,-487.600000,-5288,-5900
961,5.593689,1,-454.000000,2,-33.600000,-487.600000,-5288,-5900
962,5.598706,1,-454.000000,2,-33.600000,-487.600000,-5288,-5900
963,5.603953,1,-454.000000,2,-33.600000,-487.600000,-5288,-5900
964,5.609074,1,-454.000000,2,-33.600000,-487.600000,-5288,-5900
965,5.614370,1,-454.000000,2,-33.600000,-487.600000,-5288,-5900
966,5.619353,1,-454.000000,2,-33.600000,-487.600000,-5288,-5900
967,5.624694,1,-454.000000,2,-33.600000,-487.600000,-5288,-5900
968,5.629738,1,-454.000000,2,-33.600000,-487.600000,-5288,-5900
969,5.635013,1,-102.000000,2,-33.600000,-135.600000,-4936,-5900
970,5.640689,1,-102.000000,2,-33.600000,-135.600000,-4936,-5900
971,5.645918,1,-102.000000,2,-33.600000,-135.600000,-4936,-5900
972,5.651075,1,-102.000000,2,-33.600000,-135.600000,-4936,-5900
973,5.656224,1,-102.000000,2,-33.600000,-135.600000,-4936,-5900
974,5.661405,1,-102.000000,2,-33.600000,-135.600000,-4936,-5900
975,5.666044,1,-102.000000,2,0.400000,-101.600000,-4936,-5866
976,5.671214,1,-102.000000,2,0.400000,-101.600000,-4936,-5866
977,5.676823,1,-102.000000,2,0.400000,-101.600000,-4936,-5866
978,5.682240,1,-102.000000,2,0.400000,-101.600000,-4936,-5866
979,5.687957,1,-102.000000,2,0.400000,-101.600000,-4936,-5866
980,5.693757,1,-102.000000,2,0.400000,-101.600000,-4936,-5866
981,5.699784,1,-102.000000,2,0.400000,-101.600000,-4936,-5866
982,5.704976,1,-102.000000,2,0.400000,-101.600000,-4936,-5866
983,5.710703,1,-102.000000,2,0.400000,-101.600000,-4936,-5866
984,5.716005,1,-102.000000,2,0.400000,-101.600000,-4936,-5866
985,5.721249,1,-102.000000,2,0.400000,-101.600000,-4936,-5866
986,5.726958,1,-102.000000,2,0.400000,-101.600000,-4936,-5866
987,5.732154,1,-102.000000,2,0.400000,-101.600000,-4936,-5866
988,5.737240,1,-10.000000,2,0.400000,-9.600000,-4844,-5866
989,5.741933,1,-10.000000,2,0.400000,-9.600000,-4844,-5866
990,5.747242,1,-10.000000,2,0.400000,-9.600000,-4844,-5866
991,5.752776,1,-10.000000,2,0.400000,-9.600000,-4844,-5866
992,5.758021,1,-10.000000,2,0.400000,-9.600000,-4844,-5866
993,5.764583,1,-10.000000,2,6.400000,-3.600000,-4844,-5860
994,5.770052,1,-10.000000,2,6.400000,-3.600000,-4844,-5860
995,5.775180,1,-10.000000,2,6.400000,-3.600000,-4844,-5860
996,5.780515,1,-10.000000,2,6.400000,-3.600000,-4844,-5860
997,5.785554,1,-10.000000,2,6.400000,-3.600000,-4844,-5860
998,5.790754,1,-10.000000,2,6.400000,-3.600000,-4844,-5860
999,5.796027,1,-10.000000,2,6.400000,-3.600000,-4844,-5860
1000,5.801096,1,-10.000000,2,6.400000,-3.600000,-4844,-5860
1001,5.806850,1,-10.000000,2,6.400000,-3.600000,-4844,-5860
1002,5.812169,1,-10.000000,2,6.400000,-3.600000,-4844,-5860
1003,5.817786,1,-10.000000,2,6.400000,-3.600000,-4844,-5860
1004,5.822954,1,-10.000000,2,6.400000,-3.600000,-4844,-5860
1005,5.828137,1,-10.000000,2,6.400000,-3.600000,-4844,-5860
1006,5.833341,1,-12.000000,2,6.400000,-5.600000,-4846,-5860
1007,5.838636,1,-12.000000,2,6.400000,-5.600000,-4846,-5860
1008,5.843680,1,-12.000000,2,6.400000,-5.600000,-4846,-5860
1009,5.848965,1,-12.000000,2,6.400000,-5.600000,-4846,-5860
1010,5.854212,1,-12.000000,2,6.400000,-5.600000,-4846,-5860
1011,5.859788,1,-12.000000,2,6.400000,-5.600000,-4846,-5860
1012,5.864549,1,-12.000000,2,4.400000,-7.600000,-4846,-5862
1013,5.869602,1,-12.000000,2,4.400000,-7.600000,-4846,-5862
1014,5.874780,1,-12.000000,2,4.400000,-7.600000,-4846,-5862
1015,5.880021,1,-12.000000,2,4.400000,-7.600000,-4846,-5862
1016,5.885289,1,-12.000000,2,4.400000,-7.600000,-4846,-5862
1017,5.890348,1,-12.000000,2,4.400000,-7.600000,-4846,-5862
1018,5.895551,1,-12.000000,2,4.400000,-7.600000,-4846,-5862
1019,5.900716,1,-12.000000,2,4.400000,-7.600000,-4846,-5862
1020,5.906139,1,-12.000000,2,4.400000,-7.600000,-4846,-5862
1021,5.911661,1,-12.000000,2,4.400000,-7.600000,-4846,-5862
1022,5.916835,1,-12.000000,2,4.400000,-7.600000,-4846,-5862
1023,5.922045,1,-12.000000,2,4.400000,-7.600000,-4846,-5862
1024,5.927243,1,-12.000000,2,4.400000,-7.600000,-4846,-5862
1025,5.932495,1,-172.000000,2,4.400000,-167.600000,-5006,-5862
1026,5.937620,1,-172.000000,2,4.400000,-167.600000,-5006,-5862
1027,5.942793,1,-172.000000,2,4.400000,-167.600000,-5006,-5862
1028,5.947952,1,-172.000000,2,4.400000,-167.600000,-5006,-5862
1029,5.953153,1,-172.000000,2,4.400000,-167.600000,-5006,-5862
1030,5.958355,1,-172.000000,2,4.400000,-167.600000,-5006,-5862
1031,5.963172,1,-172.000000,2,-14.600000,-186.600000,-5006,-5881
1032,5.968758,1,-172.000000,2,-14.600000,-186.600000,-5006,-5881
1033,5.974033,1,-172.000000,2,-14.600000,-186.600000,-5006,-5881
1034,5.979204,1,-172.000000,2,-14.600000,-186.600000,-5006,-5881
1035,5.984931,1,-172.000000,2,-14.600000,-186.600000,-5006,-5881
1036,5.989525,1,-172.000000,2,-14.600000,-186.600000,-5006,-5881
1037,5.994156,1,-172.000000,2,-14.600000,-186.600000,-5006,-5881
1038,5.998785,1,-172.000000,2,-14.600000,-186.600000,-5006,-5881
1039,6.003981,1,-172.000000,2,-14.600000,-186.600000,-5006,-5881
1040,6.009175,1,-172.000000,2,-14.600000,-186.600000,-5006,-5881
1041,6.014932,1,-172.000000,2,-14.600000,-186.600000,-5006,-5881
1042,6.020226,1,-172.000000,2,-14.600000,-186.600000,-5006,-5881
1043,6.025376,1,-172.000000,2,-14.600000,-186.600000,-5006,-5881
1044,6.031092,1,-587.000000,2,-14.600000,-601.600000,-5421,-5881
1045,6.036248,1,-587.000000,2,-14.600000,-601.600000,-5421,-5881
1046,6.041472,1,-587.000000,2,-14.600000,-601.600000,-5421,-5881
1047,6.046792,1,-587.000000,2,-14.600000,-601.600000,-5421,-5881
1048,6.051885,1,-587.000000,2,-14.600000,-601.600000,-5421,-5881
1049,6.057092,1,-587.000000,2,-14.600000,-601.600000,-5421,-5881
1050,6.062498,1,-587.000000,2,-26.600000,-613.600000,-5421,-5893
1051,6.067399,1,-587.000000,2,-26.600000,-613.600000,-5421,-5893
1052,6.072656,1,-587.000000,2,-26.600000,-613.600000,-5421,-5893
1053,6.077906,1,-587.000000,2,-26.600000,-613.600000,-5421,-5893
1054,6.082966,1,-587.000000,2,-26.600000,-613.600000,-5421,-5893
1055,6.088243,1,-587.000000,2,-26.600000,-613.600000,-5421,-5893
1056,6.093388,1,-587.000000,2,-26.600000,-613.600000,-5421,-5893
1057,6.098427,1,-587.000000,2,-26.600000,-613.600000,-5421,-5893
1058,6.103639,1,-587.000000,2,-26.600000,-613.600000,-5421,-5893
1059,6.108747,1,-587.000000,2,-26.600000,-613.600000,-5421,-5893
1060,6.114034,1,-587.000000,2,-26.600000,-613.600000,-5421,-5893
1061,6.119096,1,-587.000000,2,-26.600000,-613.600000,-5421,-5893
1062,6.124482,1,-587.000000,2,-26.600000,-613.600000,-5421,-5893
1063,6.129489,1,-1066.000000,2,-26.600000,-1092.600000,-5900,-5893
1064,6.134762,1,-1066.000000,2,-26.600000,-1092.600000,-5900,-5893
1065,6.139816,1,-1066.000000,2,-26.600000,-1092.600000,-5900,-5893
1066,6.144989,1,-1066.000000,2,-26.600000,-1092.600000,-5900,-5893
1067,6.150216,1,-1066.000000,2,-26.600000,-1092.600000,-5900,-5893
1068,6.155437,1,-1066.000000,2,-26.600000,-1092.600000,-5900,-5893
1069,6.160584,1,-1066.000000,2,-17.600000,-1083.600000,-5900,-5884
1070,6.165624,1,-1066.000000,2,-17.600000,-1083.600000,-5900,-5884
1071,6.171019,1,-1066.000000,2,-17.600000,-1083.600000,-5900,-5884
1072,6.176142,1,-1066.000000,2,-17.600000,-1083.600000,-5900,-5884
1073,6.181209,1,-1066.000000,2,-17.600000,-1083.600000,-5900,-5884
1074,6.186399,1,-1066.000000,2,-17.600000,-1083.600000,-5900,-5884
1075,6.191738,1,-1066.000000,2,-17.600000,-1083.600000,-5900,-5884
1076,6.196931,1,-1066.000000,2,-17.600000,-1083.600000,-5900,-5884
1077,6.202021,1,-1066.000000,2,-17.600000,-1083.600000,-5900,-5884
1078,6.207181,1,-1066.000000,2,-17.600000,-1083.600000,-5900,-5884
1079,6.212506,1,-1066.000000,2,-17.600000,-1083.600000,-5900,-5884
1080,6.217620,1,-1066.000000,2,-17.600000,-1083.600000,-5900,-5884
1081,6.222829,1,-1066.000000,2,-17.600000,-1083.600000,-5900,-5884
1082,6.229261,1,-1430.000000,2,-17.600000,-1447.600000,-6264,-5884
1083,6.234967,1,-1430.000000,2,-17.600000,-1447.600000,-6264,-5884
1084,6.240130,1,-1430.000000,2,-17.600000,-1447.600000,-6264,-5884
1085,6.245389,1,-1430.000000,2,-17.600000,-1447.600000,-6264,-5884
1086,6.250523,1,-1430.000000,2,-17.600000,-1447.600000,-6264,-5884
1087,6.255148,1,-1430.000000,2,-17.600000,-1447.600000,-6264,-5884
1088,6.259919,1,-1430.000000,2,-13.600000,-1443.600000,-6264,-5880
1089,6.331183,1,-1653.000000,2,-13.600000,-1666.600000,-6487,-5880
1090,6.393054,1,-1653.000000,2,-11.600000,-1664.600000,-6487,-5878
1091,6.398186,1,-1653.000000,2,-11.600000,-1664.600000,-6487,-5878
1092,6.403423,1,-1653.000000,2,-11.600000,-1664.600000,-6487,-5878
1093,6.408586,1,-1653.000000,2,-11.600000,-1664.600000,-6487,-5878
1094,6.413813,1,-1653.000000,2,-11.600000,-1664.600000,-6487,-5878
1095,6.419003,1,-1653.000000,2,-11.600000,-1664.600000,-6487,-5878
1096,6.424248,1,-1653.000000,2,-11.600000,-1664.600000,-6487,-5878
1097,6.429642,1,-1625.000000,2,-11.600000,-1636.600000,-6459,-5878
1098,6.434634,1,-1625.000000,2,-11.600000,-1636.600000,-6459,-5878
1099,6.439831,1,-1625.000000,2,-11.600000,-1636.600000,-6459,-5878
1100,6.445232,1,-1625.000000,2,-11.600000,-1636.600000,-6459,-5878
1101,6.450801,1,-1625.000000,2,-11.600000,-1636.600000,-6459,-5878
1102,6.456123,1,-1625.000000,2,-5.600000,-1630.600000,-6459,-5872
1103,6.461168,1,-1625.000000,2,-5.600000,-1630.600000,-6459,-5872
1104,6.466369,1,-1625.000000,2,-5.600000,-1630.600000,-6459,-5872
1105,6.471657,1,-1625.000000,2,-5.600000,-1630.600000,-6459,-5872
1106,6.476817,1,-1625.000000,2,-5.600000,-1630.600000,-6459,-5872
1107,6.481920,1,-1625.000000,2,-5.600000,-1630.600000,-6459,-5872
1108,6.487127,1,-1625.000000,2,-5.600000,-1630.600000,-6459,-5872
1109,6.492180,1,-1625.000000,2,-5.600000,-1630.600000,-6459,-5872
1110,6.497348,1,-1625.000000,2,-5.600000,-1630.600000,-6459,-5872
1111,6.502527,1,-1625.000000,2,-5.600000,-1630.600000,-6459,-5872
1112,6.507801,1,-1625.000000,2,-5.600000,-1630.600000,-6459,-5872
1113,6.512877,1,-1625.000000,2,-5.600000,-1630.600000,-6459,-5872
1114,6.518202,1,-1625.000000,2,-5.600000,-1630.600000,-6459,-5872
1115,6.523817,1,-1625.000000,2,-5.600000,-1630.600000,-6459,-5872
1116,6.528975,1,-1256.000000,2,-5.600000,-1261.600000,-6090,-5872
1117,6.534182,1,-1256.000000,2,-5.600000,-1261.600000,-6090,-5872
1118,6.539454,1,-1256.000000,2,-5.600000,-1261.600000,-6090,-5872
1119,6.544544,1,-1256.000000,2,-5.600000,-1261.600000,-6090,-5872
1120,6.549765,1,-1256.000000,2,-5.600000,-1261.600000,-6090,-5872
1121,6.554680,1,-1256.000000,2,-1.600000,-1257.600000,-6090,-5868
1122,6.560395,1,-1256.000000,2,-1.600000,-1257.600000,-6090,-5868
1123,6.565949,1,-1256.000000,2,-1.600000,-1257.600000,-6090,-5868
1124,6.571128,1,-1256.000000,2,-1.600000,-1257.600000,-6090,-5868
1125,6.576451,1,-1256.000000,2,-1.600000,-1257.600000,-6090,-5868
1126,6.581463,1,-1256.000000,2,-1.600000,-1257.600000,-6090,-5868
1127,6.586625,1,-1256.000000,2,-1.600000,-1257.600000,-6090,-5868
1128,6.591977,1,-1256.000000,2,-1.600000,-1257.600000,-6090,-5868
1129,6.597100,1,-1256.000000,2,-1.600000,-1257.600000,-6090,-5868
1130,6.602127,1,-1256.000000,2,-1.600000,-1257.600000,-6090,-5868
1131,6.607525,1,-1256.000000,2,-1.600000,-1257.600000,-6090,-5868
1132,6.612592,1,-1256.000000,2,-1.600000,-1257.600000,-6090,-5868
1133,6.617747,1,-1256.000000,2,-1.600000,-1257.600000,-6090,-5868
1134,6.622906,1,-1256.000000,2,-1.600000,-1257.600000,-6090,-5868
1135,6.628076,1,-626.000000,2,-1.600000,-627.600000,-5460,-5868
1136,6.633495,1,-626.000000,2,-1.600000,-627.600000,-5460,-5868
1137,6.638623,1,-626.000000,2,-1.600000,-627.600000,-5460,-5868
1138,6.643688,1,-626.000000,2,-1.600000,-627.600000,-5460,-5868
1139,6.649002,1,-626.000000,2,-1.600000,-627.600000,-5460,-5868
1140,6.654703,1,-626.000000,2,5.400000,-620.600000,-5460,-5861
1141,6.660348,1,-626.000000,2,5.400000,-620.600000,-5460,-5861
1142,6.665565,1,-626.000000,2,5.400000,-620.600000,-5460,-5861
1143,6.670773,1,-626.000000,2,5.400000,-620.600000,-5460,-5861
1144,6.675990,1,-626.000000,2,5.400000,-620.600000,-5460,-5861
1145,6.681052,1,-626.000000,2,5.400000,-620.600000,-5460,-5861
1146,6.686210,1,-626.000000,2,5.400000,-620.600000,-5460,-5861
1147,6.691551,1,-626.000000,2,5.400000,-620.600000,-5460,-5861
1148,6.696717,1,-626.000000,2,5.400000,-620.600000,-5460,-5861
1149,6.702016,1,-626.000000,2,5.400000,-620.600000,-5460,-5861
1150,6.707525,1,-626.000000,2,5.400000,-620.600000,-5460,-5861
1151,6.712859,1,-626.000000,2,5.400000,-620.600000,-5460,-5861
1152,6.718034,1,-626.000000,2,5.400000,-620.600000,-5460,-5861
1153,6.724217,1,-136.000000,2,5.400000,-130.600000,-4970,-5861
1154,6.729383,1,-136.000000,2,5.400000,-130.600000,-4970,-5861
1155,6.734682,1,-136.000000,2,5.400000,-130.600000,-4970,-5861
1156,6.740343,1,-136.000000,2,5.400000,-130.600000,-4970,-5861
1157,6.745469,1,-136.000000,2,5.400000,-130.600000,-4970,-5861
1158,6.751468,1,-136.000000,2,9.400000,-126.600000,-4970,-5857
1159,6.756928,1,-136.000000,2,9.400000,-126.600000,-4970,-5857
1160,6.762078,1,-136.000000,2,9.400000,-126.600000,-4970,-5857
1161,6.767286,1,-136.000000,2,9.400000,-126.600000,-4970,-5857
1162,6.772393,1,-136.000000,2,9.400000,-126.600000,-4970,-5857
1163,6.778184,1,-136.000000,2,9.400000,-126.600000,-4970,-5857
1164,6.783500,1,-136.000000,2,9.400000,-126.600000,-4970,-5857
1165,6.788665,1,-136.000000,2,9.400000,-126.600000,-4970,-5857
1166,6.794298,1,-136.000000,2,9.400000,-126.600000,-4970,-5857
1167,6.799564,1,-136.000000,2,9.400000,-126.600000,-4970,-5857
1168,6.804635,1,-136.000000,2,9.400000,-126.600000,-4970,-5857
1169,6.809826,1,-136.000000,2,9.400000,-126.600000,-4970,-5857
1170,6.814953,1,-136.000000,2,9.400000,-126.600000,-4970,-5857
1171,6.820174,1,-136.000000,2,9.400000,-126.600000,-4970,-5857
1172,6.825506,1,-8.000000,2,9.400000,1.400000,-4842,-5857
1173,6.831109,1,-8.000000,2,9.400000,1.400000,-4842,-5857
1174,6.836216,1,-8.000000,2,9.400000,1.400000,-4842,-5857
1175,6.841551,1,-8.000000,2,9.400000,1.400000,-4842,-5857
1176,6.846707,1,-8.000000,2,9.400000,1.400000,-4842,-5857
1177,6.851391,1,-8.000000,2,6.400000,-1.600000,-4842,-5860
1178,6.856401,1,-8.000000,2,6.400000,-1.600000,-4842,-5860
1179,6.861592,1,-8.000000,2,6.400000,-1.600000,-4842,-5860
1180,6.866874,1,-8.000000,2,6.400000,-1.600000,-4842,-5860
1181,6.872067,1,-8.000000,2,6.400000,-1.600000,-4842,-5860
1182,6.877107,1,-8.000000,2,6.400000,-1.600000,-4842,-5860
1183,6.882397,1,-8.000000,2,6.400000,-1.600000,-4842,-5860
1184,6.887591,1,-8.000000,2,6.400000,-1.600000,-4842,-5860
1185,6.892803,1,-8.000000,2,6.400000,-1.600000,-4842,-5860
1186,6.897835,1,-8.000000,2,6.400000,-1.600000,-4842,-5860
1187,6.903024,1,-8.000000,2,6.400000,-1.600000,-4842,-5860
1188,6.908379,1,-8.000000,2,6.400000,-1.600000,-4842,-5860
1189,6.913458,1,-8.000000,2,6.400000,-1.600000,-4842,-5860
1190,6.918674,1,-8.000000,2,6.400000,-1.600000,-4842,-5860
1191,6.923797,1,-5.000000,2,6.400000,1.400000,-4839,-5860
1192,6.929023,1,-5.000000,2,6.400000,1.400000,-4839,-5860
1193,6.934154,1,-5.000000,2,6.400000,1.400000,-4839,-5860
1194,6.939450,1,-5.000000,2,6.400000,1.400000,-4839,-5860
1195,6.944531,1,-5.000000,2,6.400000,1.400000,-4839,-5860
1196,6.949550,1,-5.000000,2,6.400000,1.400000,-4839,-5860
1197,6.954762,1,-5.000000,2,6.400000,1.400000,-4839,-5860
1198,6.959799,1,-5.000000,2,6.400000,1.400000,-4839,-5860
1199,6.964950,1,-5.000000,2,6.400000,1.400000,-4839,-5860
1200,6.970156,1,-5.000000,2,6.400000,1.400000,-4839,-5860
1201,6.975494,1,-5.000000,2,6.400000,1.400000,-4839,-5860
1202,6.980570,1,-5.000000,2,6.400000,1.400000,-4839,-5860
1203,6.986356,1,-5.000000,2,6.400000,1.400000,-4839,-5860
1204,6.992170,1,-5.000000,2,6.400000,1.400000,-4839,-5860
1205,6.997344,1,-5.000000,2,6.400000,1.400000,-4839,-5860
1206,7.002381,1,-5.000000,2,6.400000,1.400000,-4839,-5860
1207,7.007594,1,-5.000000,2,6.400000,1.400000,-4839,-5860
1208,7.012884,1,-5.000000,2,6.400000,1.400000,-4839,-5860
1209,7.018011,1,-5.000000,2,6.400000,1.400000,-4839,-5860
1210,7.023158,1,-18.000000,2,6.400000,-11.600000,-4852,-5860
1211,7.028500,1,-18.000000,2,6.400000,-11.600000,-4852,-5860
1212,7.033671,1,-18.000000,2,6.400000,-11.600000,-4852,-5860
1213,7.038854,1,-18.000000,2,6.400000,-11.600000,-4852,-5860
1214,7.043880,1,-18.000000,2,6.400000,-11.600000,-4852,-5860
1215,7.049219,1,-18.000000,2,-0.600000,-18.600000,-4852,-5867
1216,7.054324,1,-18.000000,2,-0.600000,-18.600000,-4852,-5867
1217,7.059605,1,-18.000000,2,-0.600000,-18.600000,-4852,-5867
1218,7.064677,1,-18.000000,2,-0.600000,-18.600000,-4852,-5867
1219,7.069931,1,-18.000000,2,-0.600000,-18.600000,-4852,-5867
1220,7.075056,1,-18.000000,2,-0.600000,-18.600000,-4852,-5867
1221,7.080247,1,-18.000000,2,-0.600000,-18.600000,-4852,-5867
1222,7.085467,1,-18.000000,2,-0.600000,-18.600000,-4852,-5867
1223,7.090712,1,-18.000000,2,-0.600000,-18.600000,-4852,-5867
1224,7.095917,1,-18.000000,2,-0.600000,-18.600000,-4852,-5867
1225,7.101126,1,-18.000000,2,-0.600000,-18.600000,-4852,-5867
1226,7.106357,1,-18.000000,2,-0.600000,-18.600000,-4852,-5867
1227,7.111481,1,-18.000000,2,-0.600000,-18.600000,-4852,-5867
1228,7.116704,1,-18.000000,2,-0.600000,-18.600000,-4852,-5867
1229,7.122019,1,-189.000000,2,-0.600000,-189.600000,-5023,-5867
1230,7.127073,1,-189.000000,2,-0.600000,-189.600000,-5023,-5867
1231,7.132367,1,-189.000000,2,-0.600000,-189.600000,-5023,-5867
1232,7.137631,1,-189.000000,2,-0.600000,-189.600000,-5023,-5867
1233,7.142691,1,-189.000000,2,-0.600000,-189.600000,-5023,-5867
1234,7.148079,1,-189.000000,2,-28.600000,-217.600000,-5023,-5895
1235,7.153066,1,-189.000000,2,-28.600000,-217.600000,-5023,-5895
1236,7.158349,1,-189.000000,2,-28.600000,-217.600000,-5023,-5895
1237,7.163373,1,-189.000000,2,-28.600000,-217.600000,-5023,-5895
1238,7.168554,1,-189.000000,2,-28.600000,-217.600000,-5023,-5895
1239,7.173705,1,-189.000000,2,-28.600000,-217.600000,-5023,-5895
1240,7.178907,1,-189.000000,2,-28.600000,-217.600000,-5023,-5895
1241,7.184144,1,-189.000000,2,-28.600000,-217.600000,-5023,-5895
1242,7.189317,1,-189.000000,2,-28.600000,-217.600000,-5023,-5895
1243,7.194389,1,-189.000000,2,-28.600000,-217.600000,-5023,-5895
1244,7.199734,1,-189.000000,2,-28.600000,-217.600000,-5023,-5895
1245,7.204883,1,-189.000000,2,-28.600000,-217.600000,-5023,-5895
1246,7.209899,1,-189.000000,2,-28.600000,-217.600000,-5023,-5895
1247,7.215092,1,-189.000000,2,-28.600000,-217.600000,-5023,-5895
1248,7.220360,1,-545.000000,2,-28.600000,-573.600000,-5379,-5895
1249,7.225431,1,-545.000000,2,-28.600000,-573.600000,-5379,-5895
1250,7.230175,1,-545.000000,2,-28.600000,-573.600000,-5379,-5895
1251,7.235201,1,-545.000000,2,-28.600000,-573.600000,-5379,-5895
1252,7.240349,1,-545.000000,2,-28.600000,-573.600000,-5379,-5895
1253,7.245187,1,-545.000000,2,-40.600000,-585.600000,-5379,-5907
1254,7.250147,1,-545.000000,2,-40.600000,-585.600000,-5379,-5907
1255,7.255376,1,-545.000000,2,-40.600000,-585.600000,-5379,-5907
1256,7.260496,1,-545.000000,2,-40.600000,-585.600000,-5379,-5907
1257,7.265713,1,-545.000000,2,-40.600000,-585.600000,-5379,-5907
1258,7.270903,1,-545.000000,2,-40.600000,-585.600000,-5379,-5907
1259,7.276110,1,-545.000000,2,-40.600000,-585.600000,-5379,-5907
1260,7.281252,1,-545.000000,2,-40.600000,-585.600000,-5379,-5907
1261,7.286500,1,-545.000000,2,-40.600000,-585.600000,-5379,-5907
1262,7.291751,1,-545.000000,2,-40.600000,-585.600000,-5379,-5907
1263,7.296802,1,-545.000000,2,-40.600000,-585.600000,-5379,-5907
1264,7.302014,1,-545.000000,2,-40.600000,-585.600000,-5379,-5907
1265,7.307142,1,-545.000000,2,-40.600000,-585.600000,-5379,-5907
1266,7.312396,1,-545.000000,2,-40.600000,-585.600000,-5379,-5907
1267,7.318878,1,-921.000000,2,-40.600000,-961.600000,-5755,-5907
1268,7.323846,1,-921.000000,2,-40.600000,-961.600000,-5755,-5907
1269,7.329036,1,-921.000000,2,-40.600000,-961.600000,-5755,-5907
1270,7.334277,1,-921.000000,2,-40.600000,-961.600000,-5755,-5907
1271,7.339386,1,-921.000000,2,-40.600000,-961.600000,-5755,-5907
1272,7.344864,1,-921.000000,2,-44.600000,-965.600000,-5755,-5911
1273,7.349827,1,-921.000000,2,-44.600000,-965.600000,-5755,-5911
1274,7.354906,1,-921.000000,2,-44.600000,-965.600000,-5755,-5911
1275,7.360152,1,-921.000000,2,-44.600000,-965.600000,-5755,-5911
1276,7.365350,1,-921.000000,2,-44.600000,-965.600000,-5755,-5911
1277,7.370640,1,-921.000000,2,-44.600000,-965.600000,-5755,-5911
1278,7.375825,1,-921.000000,2,-44.600000,-965.600000,-5755,-5911
1279,7.380873,1,-921.000000,2,-44.600000,-965.600000,-5755,-5911
1280,7.386197,1,-921.000000,2,-44.600000,-965.600000,-5755,-5911
1281,7.391271,1,-921.000000,2,-44.600000,-965.600000,-5755,-5911
1282,7.396443,1,-921.000000,2,-44.600000,-965.600000,-5755,-5911
1283,7.401761,1,-921.000000,2,-44.600000,-965.600000,-5755,-5911
1284,7.406858,1,-921.000000,2,-44.600000,-965.600000,-5755,-5911
1285,7.411977,1,-921.000000,2,-44.600000,-965.600000,-5755,-5911
1286,7.417849,1,-1290.000000,2,-44.600000,-1334.600000,-6124,-5911
1287,7.422898,1,-1290.000000,2,-44.600000,-1334.600000,-6124,-5911
1288,7.428147,1,-1290.000000,2,-44.600000,-1334.600000,-6124,-5911
1289,7.433497,1,-1290.000000,2,-44.600000,-1334.600000,-6124,-5911
1290,7.438576,1,-1290.000000,2,-44.600000,-1334.600000,-6124,-5911
1291,7.443773,1,-1290.000000,2,-59.600000,-1349.600000,-6124,-5926
1292,7.448865,1,-1290.000000,2,-59.600000,-1349.600000,-6124,-5926
1293,7.454131,1,-1290.000000,2,-59.600000,-1349.600000,-6124,-5926
1294,7.459292,1,-1290.000000,2,-59.600000,-1349.600000,-6124,-5926
1295,7.464393,1,-1290.000000,2,-59.600000,-1349.600000,-6124,-5926
1296,7.469586,1,-1290.000000,2,-59.600000,-1349.600000,-6124,-5926
1297,7.474856,1,-1290.000000,2,-59.600000,-1349.600000,-6124,-5926
1298,7.480058,1,-1290.000000,2,-59.600000,-1349.600000,-6124,-5926
1299,7.485101,1,-1290.000000,2,-59.600000,-1349.600000,-6124,-5926
1300,7.490284,1,-1290.000000,2,-59.600000,-1349.600000,-6124,-5926
1301,7.495555,1,-1290.000000,2,-59.600000,-1349.600000,-6124,-5926
1302,7.500706,1,-1290.000000,2,-59.600000,-1349.600000,-6124,-5926
1303,7.505919,1,-1290.000000,2,-59.600000,-1349.600000,-6124,-5926
1304,7.511530,1,-1290.000000,2,-59.600000,-1349.600000,-6124,-5926
1305,7.516742,1,-1565.000000,2,-59.600000,-1624.600000,-6399,-5926
1306,7.522000,1,-1565.000000,2,-59.600000,-1624.600000,-6399,-5926
1307,7.527057,1,-1565.000000,2,-59.600000,-1624.600000,-6399,-5926
1308,7.532233,1,-1565.000000,2,-59.600000,-1624.600000,-6399,-5926
1309,7.537575,1,-1565.000000,2,-59.600000,-1624.600000,-6399,-5926
1310,7.542831,1,-1565.000000,2,-79.600000,-1644.600000,-6399,-5946
1311,7.547827,1,-1565.000000,2,-79.600000,-1644.600000,-6399,-5946
1312,7.552977,1,-1565.000000,2,-79.600000,-1644.600000,-6399,-5946
1313,7.558244,1,-1565.000000,2,-79.600000,-1644.600000,-6399,-5946
1314,7.563460,1,-1565.000000,2,-79.600000,-1644.600000,-6399,-5946
1315,7.568506,1,-1565.000000,2,-79.600000,-1644.600000,-6399,-5946
1316,7.573675,1,-1565.000000,2,-79.600000,-1644.600000,-6399,-5946
1317,7.578848,1,-1565.000000,2,-79.600000,-1644.600000,-6399,-5946
1318,7.584058,1,-1565.000000,2,-79.600000,-1644.600000,-6399,-5946
1319,7.589330,1,-1565.000000,2,-79.600000,-1644.600000,-6399,-5946
1320,7.594414,1,-1565.000000,2,-79.600000,-1644.600000,-6399,-5946
1321,7.599575,1,-1565.000000,2,-79.600000,-1644.600000,-6399,-5946
1322,7.604790,1,-1565.000000,2,-79.600000,-1644.600000,-6399,-5946
1323,7.610132,1,-1565.000000,2,-79.600000,-1644.600000,-6399,-5946
1324,7.615684,1,-1716.000000,2,-79.600000,-1795.600000,-6550,-5946
1325,7.621007,1,-1716.000000,2,-79.600000,-1795.600000,-6550,-5946
1326,7.626095,1,-1716.000000,2,-79.600000,-1795.600000,-6550,-5946
1327,7.631214,1,-1716.000000,2,-79.600000,-1795.600000,-6550,-5946
1328,7.636407,1,-1716.000000,2,-79.600000,-1795.600000,-6550,-5946
1329,7.641771,1,-1716.000000,2,-107.600000,-1823.600000,-6550,-5974
1330,7.646929,1,-1716.000000,2,-107.600000,-1823.600000,-6550,-5974
1331,7.651956,1,-1716.000000,2,-107.600000,-1823.600000,-6550,-5974
1332,7.657152,1,-1716.000000,2,-107.600000,-1823.600000,-6550,-5974
1333,7.663091,1,-1716.000000,2,-107.600000,-1823.600000,-6550,-5974
1334,7.668200,1,-1716.000000,2,-107.600000,-1823.600000,-6550,-5974
1335,7.673351,1,-1716.000000,2,-107.600000,-1823.600000,-6550,-5974
1336,7.678629,1,-1716.000000,2,-107.600000,-1823.600000,-6550,-5974
1337,7.683908,1,-1716.000000,2,-107.600000,-1823.600000,-6550,-5974
1338,7.689018,1,-1716.000000,2,-107.600000,-1823.600000,-6550,-5974
1339,7.694294,1,-1716.000000,2,-107.600000,-1823.600000,-6550,-5974
1340,7.699496,1,-1716.000000,2,-107.600000,-1823.600000,-6550,-5974
1341,7.704622,1,-1716.000000,2,-107.600000,-1823.600000,-6550,-5974
1342,7.709897,1,-1716.000000,2,-107.600000,-1823.600000,-6550,-5974
1343,7.714990,1,-1866.000000,2,-107.600000,-1973.600000,-6700,-5974
1344,7.720260,1,-1866.000000,2,-107.600000,-1973.600000,-6700,-5974
1345,7.725368,1,-1866.000000,2,-107.600000,-1973.600000,-6700,-5974
1346,7.730634,1,-1866.000000,2,-107.600000,-1973.600000,-6700,-5974
1347,7.735774,1,-1866.000000,2,-107.600000,-1973.600000,-6700,-5974
1348,7.740532,1,-1866.000000,2,-134.600000,-2000.600000,-6700,-6001
1349,7.745579,1,-1866.000000,2,-134.600000,-2000.600000,-6700,-6001
1350,7.750859,1,-1866.000000,2,-134.600000,-2000.600000,-6700,-6001
1351,7.756018,1,-1866.000000,2,-134.600000,-2000.600000,-6700,-6001
1352,7.761145,1,-1866.000000,2,-134.600000,-2000.600000,-6700,-6001
1353,7.766499,1,-1866.000000,2,-134.600000,-2000.600000,-6700,-6001
1354,7.772128,1,-1866.000000,2,-134.600000,-2000.600000,-6700,-6001
1355,7.776770,1,-1866.000000,2,-134.600000,-2000.600000,-6700,-6001
1356,7.781980,1,-1866.000000,2,-134.600000,-2000.600000,-6700,-6001
1357,7.786555,1,-1866.000000,2,-134.600000,-2000.600000,-6700,-6001
1358,7.791744,1,-1866.000000,2,-134.600000,-2000.600000,-6700,-6001
1359,7.796553,1,-1866.000000,2,-134.600000,-2000.600000,-6700,-6001
1360,7.801597,1,-1866.000000,2,-134.600000,-2000.600000,-6700,-6001
1361,7.806822,1,-1866.000000,2,-134.600000,-2000.600000,-6700,-6001
1362,7.813113,1,-1977.000000,2,-134.600000,-2111.600000,-6811,-6001
1363,7.818344,1,-1977.000000,2,-134.600000,-2111.600000,-6811,-6001
1364,7.823653,1,-1977.000000,2,-134.600000,-2111.600000,-6811,-6001
1365,7.828698,1,-1977.000000,2,-134.600000,-2111.600000,-6811,-6001
1366,7.833964,1,-1977.000000,2,-134.600000,-2111.600000,-6811,-6001
1367,7.839256,1,-1977.000000,2,-159.600000,-2136.600000,-6811,-6026
1368,7.844264,1,-1977.000000,2,-159.600000,-2136.600000,-6811,-6026
1369,7.849402,1,-1977.000000,2,-159.600000,-2136.600000,-6811,-6026
1370,7.854669,1,-1977.000000,2,-159.600000,-2136.600000,-6811,-6026
1371,7.859871,1,-1977.000000,2,-159.600000,-2136.600000,-6811,-6026
1372,7.865039,1,-1977.000000,2,-159.600000,-2136.600000,-6811,-6026
1373,7.870281,1,-1977.000000,2,-159.600000,-2136.600000,-6811,-6026
1374,7.875353,1,-1977.000000,2,-159.600000,-2136.600000,-6811,-6026
1375,7.880563,1,-1977.000000,2,-159.600000,-2136.600000,-6811,-6026
1376,7.885814,1,-1977.000000,2,-159.600000,-2136.600000,-6811,-6026
1377,7.891013,1,-1977.000000,2,-159.600000,-2136.600000,-6811,-6026
1378,7.896139,1,-1977.000000,2,-159.600000,-2136.600000,-6811,-6026
1379,7.901422,1,-1977.000000,2,-159.600000,-2136.600000,-6811,-6026
1380,7.906483,1,-1977.000000,2,-159.600000,-2136.600000,-6811,-6026
1381,7.912818,1,-1925.000000,2,-159.600000,-2084.600000,-6759,-6026
1382,7.918004,1,-1925.000000,2,-159.600000,-2084.600000,-6759,-6026
1383,7.923205,1,-1925.000000,2,-159.600000,-2084.600000,-6759,-6026
1384,7.928399,1,-1925.000000,2,-159.600000,-2084.600000,-6759,-6026
1385,7.933630,1,-1925.000000,2,-159.600000,-2084.600000,-6759,-6026
1386,7.938839,1,-1925.000000,2,-162.600000,-2087.600000,-6759,-6029
1387,7.943984,1,-1925.000000,2,-162.600000,-2087.600000,-6759,-6029
1388,7.949150,1,-1925.000000,2,-162.600000,-2087.600000,-6759,-6029
1389,7.954265,1,-1925.000000,2,-162.600000,-2087.600000,-6759,-6029
1390,7.959542,1,-1925.000000,2,-162.600000,-2087.600000,-6759,-6029
1391,7.964659,1,-1925.000000,2,-162.600000,-2087.600000,-6759,-6029
1392,7.969891,1,-1925.000000,2,-162.600000,-2087.600000,-6759,-6029
1393,7.975056,1,-1925.000000,2,-162.600000,-2087.600000,-6759,-6029
1394,7.980254,1,-1925.000000,2,-162.600000,-2087.600000,-6759,-6029
1395,7.985459,1,-1925.000000,2,-162.600000,-2087.600000,-6759,-6029
1396,7.990676,1,-1925.000000,2,-162.600000,-2087.600000,-6759,-6029
1397,7.995899,1,-1925.000000,2,-162.600000,-2087.600000,-6759,-6029
1398,8.001104,1,-1925.000000,2,-162.600000,-2087.600000,-6759,-6029
1399,8.006245,1,-1925.000000,2,-162.600000,-2087.600000,-6759,-6029
1400,8.012097,1,-1594.000000,2,-162.600000,-1756.600000,-6428,-6029
1401,8.017270,1,-1594.000000,2,-162.600000,-1756.600000,-6428,-6029
1402,8.022520,1,-1594.000000,2,-162.600000,-1756.600000,-6428,-6029
1403,8.028198,1,-1594.000000,2,-162.600000,-1756.600000,-6428,-6029
1404,8.034720,1,-1594.000000,2,-139.600000,-1733.600000,-6428,-6006
1405,8.040247,1,-1594.000000,2,-139.600000,-1733.600000,-6428,-6006
1406,8.045491,1,-1594.000000,2,-139.600000,-1733.600000,-6428,-6006
1407,8.050673,1,-1594.000000,2,-139.600000,-1733.600000,-6428,-6006
1408,8.055854,1,-1594.000000,2,-139.600000,-1733.600000,-6428,-6006
1409,8.061033,1,-1594.000000,2,-139.600000,-1733.600000,-6428,-6006
1410,8.066295,1,-1594.000000,2,-139.600000,-1733.600000,-6428,-6006
1411,8.071513,1,-1594.000000,2,-139.600000,-1733.600000,-6428,-6006
1412,8.076811,1,-1594.000000,2,-139.600000,-1733.600000,-6428,-6006
1413,8.081976,1,-1594.000000,2,-139.600000,-1733.600000,-6428,-6006
1414,8.087132,1,-1594.000000,2,-139.600000,-1733.600000,-6428,-6006
1415,8.092323,1,-1594.000000,2,-139.600000,-1733.600000,-6428,-6006
1416,8.097516,1,-1594.000000,2,-139.600000,-1733.600000,-6428,-6006
1417,8.102721,1,-1594.000000,2,-139.600000,-1733.600000,-6428,-6006
1418,8.107389,1,-1594.000000,2,-139.600000,-1733.600000,-6428,-6006
1419,8.112525,1,-923.000000,2,-139.600000,-1062.600000,-5757,-6006
1420,8.117241,1,-923.000000,2,-139.600000,-1062.600000,-5757,-6006
1421,8.122393,1,-923.000000,2,-139.600000,-1062.600000,-5757,-6006
1422,8.127612,1,-923.000000,2,-139.600000,-1062.600000,-5757,-6006
1423,8.133637,1,-923.000000,2,-80.600000,-1003.600000,-5757,-5947
1424,8.138612,1,-923.000000,2,-80.600000,-1003.600000,-5757,-5947
1425,8.143726,1,-923.000000,2,-80.600000,-1003.600000,-5757,-5947
1426,8.148968,1,-923.000000,2,-80.600000,-1003.600000,-5757,-5947
1427,8.153567,1,-923.000000,2,-80.600000,-1003.600000,-5757,-5947
1428,8.158879,1,-923.000000,2,-80.600000,-1003.600000,-5757,-5947
1429,8.163959,1,-923.000000,2,-80.600000,-1003.600000,-5757,-5947
1430,8.168574,1,-923.000000,2,-80.600000,-1003.600000,-5757,-5947
1431,8.173181,1,-923.000000,2,-80.600000,-1003.600000,-5757,-5947
1432,8.178348,1,-923.000000,2,-80.600000,-1003.600000,-5757,-5947
1433,8.183006,1,-923.000000,2,-80.600000,-1003.600000,-5757,-5947
1434,8.187634,1,-923.000000,2,-80.600000,-1003.600000,-5757,-5947
1435,8.192252,1,-923.000000,2,-80.600000,-1003.600000,-5757,-5947
1436,8.196937,1,-923.000000,2,-80.600000,-1003.600000,-5757,-5947
1437,8.201702,1,-923.000000,2,-80.600000,-1003.600000,-5757,-5947
1438,8.206815,1,-923.000000,2,-80.600000,-1003.600000,-5757,-5947
1439,8.211978,1,-274.000000,2,-80.600000,-354.600000,-5108,-5947
1440,8.216571,1,-274.000000,2,-80.600000,-354.600000,-5108,-5947
1441,8.221839,1,-274.000000,2,-80.600000,-354.600000,-5108,-5947
1442,8.226970,1,-274.000000,2,-80.600000,-354.600000,-5108,-5947
1443,8.232483,1,-274.000000,2,-15.600000,-289.600000,-5108,-5882
1444,8.237392,1,-274.000000,2,-15.600000,-289.600000,-5108,-5882
1445,8.242490,1,-274.000000,2,-15.600000,-289.600000,-5108,-5882
1446,8.247197,1,-274.000000,2,-15.600000,-289.600000,-5108,-5882
1447,8.252401,1,-274.000000,2,-15.600000,-289.600000,-5108,-5882
1448,8.257630,1,-274.000000,2,-15.600000,-289.600000,-5108,-5882
1449,8.262794,1,-274.000000,2,-15.600000,-289.600000,-5108,-5882
1450,8.267921,1,-274.000000,2,-15.600000,-289.600000,-5108,-5882
1451,8.273297,1,-274.000000,2,-15.600000,-289.600000,-5108,-5882
1452,8.278927,1,-274.000000,2,-15.600000,-289.600000,-5108,-5882
1453,8.284234,1,-274.000000,2,-15.600000,-289.600000,-5108,-5882
1454,8.289265,1,-274.000000,2,-15.600000,-289.600000,-5108,-5882
1455,8.294461,1,-274.000000,2,-15.600000,-289.600000,-5108,-5882
1456,8.299771,1,-274.000000,2,-15.600000,-289.600000,-5108,-5882
1457,8.304915,1,-274.000000,2,-15.600000,-289.600000,-5108,-5882
1458,8.310054,1,-23.000000,2,-15.600000,-38.600000,-4857,-5882
1459,8.315226,1,-23.000000,2,-15.600000,-38.600000,-4857,-5882
1460,8.320474,1,-23.000000,2,-15.600000,-38.600000,-4857,-5882
1461,8.325727,1,-23.000000,2,-15.600000,-38.600000,-4857,-5882
1462,8.331625,1,-23.000000,2,6.400000,-16.600000,-4857,-5860
1463,8.336644,1,-23.000000,2,6.400000,-16.600000,-4857,-5860
1464,8.341792,1,-23.000000,2,6.400000,-16.600000,-4857,-5860
1465,8.347590,1,-23.000000,2,6.400000,-16.600000,-4857,-5860
1466,8.353288,1,-23.000000,2,6.400000,-16.600000,-4857,-5860
1467,8.358572,1,-23.000000,2,6.400000,-16.600000,-4857,-5860
1468,8.363751,1,-23.000000,2,6.400000,-16.600000,-4857,-5860
1469,8.369349,1,-23.000000,2,6.400000,-16.600000,-4857,-5860
1470,8.374113,1,-23.000000,2,6.400000,-16.600000,-4857,-5860
1471,8.379127,1,-23.000000,2,6.400000,-16.600000,-4857,-5860
1472,8.383780,1,-23.000000,2,6.400000,-16.600000,-4857,-5860
1473,8.389070,1,-23.000000,2,6.400000,-16.600000,-4857,-5860
1474,8.394745,1,-23.000000,2,6.400000,-16.600000,-4857,-5860
1475,8.399979,1,-23.000000,2,6.400000,-16.600000,-4857,-5860
1476,8.405029,1,-23.000000,2,6.400000,-16.600000,-4857,-5860
1477,8.410219,1,-5.000000,2,6.400000,1.400000,-4839,-5860
1478,8.415438,1,-5.000000,2,6.400000,1.400000,-4839,-5860
1479,8.420725,1,-5.000000,2,6.400000,1.400000,-4839,-5860
1480,8.425905,1,-5.000000,2,6.400000,1.400000,-4839,-5860
1481,8.431195,1,-5.000000,2,6.400000,1.400000,-4839,-5860
1482,8.436402,1,-5.000000,2,6.400000,1.400000,-4839,-5860
1483,8.441705,1,-5.000000,2,6.400000,1.400000,-4839,-5860
1484,8.446877,1,-5.000000,2,6.400000,1.400000,-4839,-5860
1485,8.451931,1,-5.000000,2,6.400000,1.400000,-4839,-5860
1486,8.457094,1,-5.000000,2,6.400000,1.400000,-4839,-5860
1487,8.462400,1,-5.000000,2,6.400000,1.400000,-4839,-5860
1488,8.467569,1,-5.000000,2,6.400000,1.400000,-4839,-5860
1489,8.472633,1,-5.000000,2,6.400000,1.400000,-4839,-5860
1490,8.477783,1,-5.000000,2,6.400000,1.400000,-4839,-5860
1491,8.483125,1,-5.000000,2,6.400000,1.400000,-4839,-5860
1492,8.488294,1,-5.000000,2,6.400000,1.400000,-4839,-5860
1493,8.493383,1,-5.000000,2,6.400000,1.400000,-4839,-5860
1494,8.498528,1,-5.000000,2,6.400000,1.400000,-4839,-5860
1495,8.503714,1,-5.000000,2,6.400000,1.400000,-4839,-5860
1496,8.508878,1,-5.000000,2,6.400000,1.400000,-4839,-5860
1497,8.514112,1,-5.000000,2,6.400000,1.400000,-4839,-5860
1498,8.519477,1,-5.000000,2,6.400000,1.400000,-4839,-5860
1499,8.524503,1,-5.000000,2,6.400000,1.400000,-4839,-5860
1500,8.530009,1,-5.000000,2,6.400000,1.400000,-4839,-5860
1501,8.535062,1,-5.000000,2,6.400000,1.400000,-4839,-5860
1502,8.540191,1,-5.000000,2,6.400000,1.400000,-4839,-5860
1503,8.545387,1,-5.000000,2,6.400000,1.400000,-4839,-5860
1504,8.550555,1,-5.000000,2,6.400000,1.400000,-4839,-5860
1505,8.555719,1,-5.000000,2,6.400000,1.400000,-4839,-5860
1506,8.560879,1,-5.000000,2,6.400000,1.400000,-4839,-5860
1507,8.566079,1,-5.000000,2,6.400000,1.400000,-4839,-5860
1508,8.571289,1,-5.000000,2,6.400000,1.400000,-4839,-5860
1509,8.576611,1,-5.000000,2,6.400000,1.400000,-4839,-5860
1510,8.581600,1,-5.000000,2,6.400000,1.400000,-4839,-5860
1511,8.587020,1,-5.000000,2,6.400000,1.400000,-4839,-5860
1512,8.592225,1,-5.000000,2,6.400000,1.400000,-4839,-5860
1513,8.597391,1,-5.000000,2,6.400000,1.400000,-4839,-5860
1514,8.602428,1,-5.000000,2,6.400000,1.400000,-4839,-5860
1515,8.608050,1,-5.000000,2,6.400000,1.400000,-4839,-5860
1516,8.612897,1,-5.000000,2,6.400000,1.400000,-4839,-5860
1517,8.618469,1,-6.000000,2,6.400000,0.400000,-4840,-5860
1518,8.623675,1,-6.000000,2,6.400000,0.400000,-4840,-5860
1519,8.629120,1,-6.000000,2,6.400000,0.400000,-4840,-5860
1520,8.634432,1,-6.000000,2,6.400000,0.400000,-4840,-5860
1521,8.639415,1,-6.000000,2,5.400000,-0.600000,-4840,-5861
1522,8.644644,1,-6.000000,2,5.400000,-0.600000,-4840,-5861
1523,8.650022,1,-6.000000,2,5.400000,-0.600000,-4840,-5861
1524,8.655635,1,-6.000000,2,5.400000,-0.600000,-4840,-5861
1525,8.660762,1,-6.000000,2,5.400000,-0.600000,-4840,-5861
1526,8.666133,1,-6.000000,2,5.400000,-0.600000,-4840,-5861
1527,8.671633,1,-6.000000,2,5.400000,-0.600000,-4840,-5861
1528,8.676806,1,-6.000000,2,5.400000,-0.600000,-4840,-5861
1529,8.682009,1,-6.000000,2,5.400000,-0.600000,-4840,-5861
1530,8.687206,1,-6.000000,2,5.400000,-0.600000,-4840,-5861
1531,8.692389,1,-6.000000,2,5.400000,-0.600000,-4840,-5861
1532,8.697554,1,-6.000000,2,5.400000,-0.600000,-4840,-5861
1533,8.703562,1,-6.000000,2,5.400000,-0.600000,-4840,-5861
1534,8.709304,1,-80.000000,2,5.400000,-74.600000,-4914,-5861
1535,8.714875,1,-80.000000,2,5.400000,-74.600000,-4914,-5861
1536,8.720235,1,-80.000000,2,5.400000,-74.600000,-4914,-5861
1537,8.726035,1,-80.000000,2,-30.600000,-110.600000,-4914,-5897
1538,8.730901,1,-80.000000,2,-30.600000,-110.600000,-4914,-5897
1539,8.736146,1,-80.000000,2,-30.600000,-110.600000,-4914,-5897
1540,8.741945,1,-80.000000,2,-30.600000,-110.600000,-4914,-5897
1541,8.747097,1,-80.000000,2,-30.600000,-110.600000,-4914,-5897
1542,8.752142,1,-80.000000,2,-30.600000,-110.600000,-4914,-5897
1543,8.757393,1,-80.000000,2,-30.600000,-110.600000,-4914,-5897
1544,8.762470,1,-80.000000,2,-30.600000,-110.600000,-4914,-5897
1545,8.767640,1,-80.000000,2,-30.600000,-110.600000,-4914,-5897
1546,8.772267,1,-80.000000,2,-30.600000,-110.600000,-4914,-5897
1547,8.777514,1,-80.000000,2,-30.600000,-110.600000,-4914,-5897
1548,8.782662,1,-80.000000,2,-30.600000,-110.600000,-4914,-5897
1549,8.787868,1,-80.000000,2,-30.600000,-110.600000,-4914,-5897
1550,8.793078,1,-80.000000,2,-30.600000,-110.600000,-4914,-5897
1551,8.798128,1,-80.000000,2,-30.600000,-110.600000,-4914,-5897
1552,8.804393,1,-316.000000,2,-30.600000,-346.600000,-5150,-5897
1553,8.809076,1,-316.000000,2,-30.600000,-346.600000,-5150,-5897
1554,8.814729,1,-316.000000,2,-30.600000,-346.600000,-5150,-5897
1555,8.819940,1,-316.000000,2,-30.600000,-346.600000,-5150,-5897
1556,8.825454,1,-316.000000,2,-103.600000,-419.600000,-5150,-5970
1557,8.830452,1,-316.000000,2,-103.600000,-419.600000,-5150,-5970
1558,8.835449,1,-316.000000,2,-103.600000,-419.600000,-5150,-5970
1559,8.840674,1,-316.000000,2,-103.600000,-419.600000,-5150,-5970
1560,8.845973,1,-316.000000,2,-103.600000,-419.600000,-5150,-5970
1561,8.851054,1,-316.000000,2,-103.600000,-419.600000,-5150,-5970
1562,8.856276,1,-316.000000,2,-103.600000,-419.600000,-5150,-5970
1563,8.861475,1,-316.000000,2,-103.600000,-419.600000,-5150,-5970
1564,8.866800,1,-316.000000,2,-103.600000,-419.600000,-5150,-5970
1565,8.872024,1,-316.000000,2,-103.600000,-419.600000,-5150,-5970
1566,8.877030,1,-316.000000,2,-103.600000,-419.600000,-5150,-5970
1567,8.882288,1,-316.000000,2,-103.600000,-419.600000,-5150,-5970
1568,8.887553,1,-316.000000,2,-103.600000,-419.600000,-5150,-5970
1569,8.893177,1,-316.000000,2,-103.600000,-419.600000,-5150,-5970
1570,8.898369,1,-316.000000,2,-103.600000,-419.600000,-5150,-5970
1571,8.903706,1,-687.000000,2,-103.600000,-790.600000,-5521,-5970
1572,8.908934,1,-687.000000,2,-103.600000,-790.600000,-5521,-5970
1573,8.914139,1,-687.000000,2,-103.600000,-790.600000,-5521,-5970
1574,8.919249,1,-687.000000,2,-103.600000,-790.600000,-5521,-5970
1575,8.924575,1,-687.000000,2,-181.600000,-868.600000,-5521,-6048
1576,8.929581,1,-687.000000,2,-181.600000,-868.600000,-5521,-6048
1577,8.935363,1,-687.000000,2,-181.600000,-868.600000,-5521,-6048
1578,8.940539,1,-687.000000,2,-181.600000,-868.600000,-5521,-6048
1579,8.945669,1,-687.000000,2,-181.600000,-868.600000,-5521,-6048
1580,8.950895,1,-687.000000,2,-181.600000,-868.600000,-5521,-6048
1581,8.956094,1,-687.000000,2,-181.600000,-868.600000,-5521,-6048
1582,8.961292,1,-687.000000,2,-181.600000,-868.600000,-5521,-6048
1583,8.966462,1,-687.000000,2,-181.600000,-868.600000,-5521,-6048
1584,8.971753,1,-687.000000,2,-181.600000,-868.600000,-5521,-6048
1585,8.976803,1,-687.000000,2,-181.600000,-868.600000,-5521,-6048
1586,8.982007,1,-687.000000,2,-181.600000,-868.600000,-5521,-6048
1587,8.987325,1,-687.000000,2,-181.600000,-868.600000,-5521,-6048
1588,8.992526,1,-687.000000,2,-181.600000,-868.600000,-5521,-6048
1589,8.997591,1,-687.000000,2,-181.600000,-868.600000,-5521,-6048
1590,9.002756,1,-1105.000000,2,-181.600000,-1286.600000,-5939,-6048
1591,9.008044,1,-1105.000000,2,-181.600000,-1286.600000,-5939,-6048
1592,9.013253,1,-1105.000000,2,-181.600000,-1286.600000,-5939,-6048
1593,9.018346,1,-1105.000000,2,-181.600000,-1286.600000,-5939,-6048
1594,9.023600,1,-1105.000000,2,-234.600000,-1339.600000,-5939,-6101
1595,9.028689,1,-1105.000000,2,-234.600000,-1339.600000,-5939,-6101
1596,9.034006,1,-1105.000000,2,-234.600000,-1339.600000,-5939,-6101
1597,9.039148,1,-1105.000000,2,-234.600000,-1339.600000,-5939,-6101
1598,9.044417,1,-1105.000000,2,-234.600000,-1339.600000,-5939,-6101
1599,9.049556,1,-1105.000000,2,-234.600000,-1339.600000,-5939,-6101
1600,9.054699,1,-1105.000000,2,-234.600000,-1339.600000,-5939,-6101
1601,9.060012,1,-1105.000000,2,-234.600000,-1339.600000,-5939,-6101
1602,9.065135,1,-1105.000000,2,-234.600000,-1339.600000,-5939,-6101
1603,9.069795,1,-1105.000000,2,-234.600000,-1339.600000,-5939,-6101
1604,9.074953,1,-1105.000000,2,-234.600000,-1339.600000,-5939,-6101
1605,9.080177,1,-1105.000000,2,-234.600000,-1339.600000,-5939,-6101
1606,9.085384,1,-1105.000000,2,-234.600000,-1339.600000,-5939,-6101
1607,9.090690,1,-1105.000000,2,-234.600000,-1339.600000,-5939,-6101
1608,9.095376,1,-1105.000000,2,-234.600000,-1339.600000,-5939,-6101
1609,9.101721,1,-1466.000000,2,-234.600000,-1700.600000,-6300,-6101
1610,9.106935,1,-1466.000000,2,-234.600000,-1700.600000,-6300,-6101
1611,9.112177,1,-1466.000000,2,-234.600000,-1700.600000,-6300,-6101
1612,9.117461,1,-1466.000000,2,-234.600000,-1700.600000,-6300,-6101
1613,9.122536,1,-1466.000000,2,-257.600000,-1723.600000,-6300,-6124
1614,9.127577,1,-1466.000000,2,-257.600000,-1723.600000,-6300,-6124
1615,9.132801,1,-1466.000000,2,-257.600000,-1723.600000,-6300,-6124
1616,9.138108,1,-1466.000000,2,-257.600000,-1723.600000,-6300,-6124
1617,9.143846,1,-1466.000000,2,-257.600000,-1723.600000,-6300,-6124
1618,9.149001,1,-1466.000000,2,-257.600000,-1723.600000,-6300,-6124
1619,9.154426,1,-1466.000000,2,-257.600000,-1723.600000,-6300,-6124
1620,9.159533,1,-1466.000000,2,-257.600000,-1723.600000,-6300,-6124
1621,9.164705,1,-1466.000000,2,-257.600000,-1723.600000,-6300,-6124
1622,9.169832,1,-1466.000000,2,-257.600000,-1723.600000,-6300,-6124
1623,9.175033,1,-1466.000000,2,-257.600000,-1723.600000,-6300,-6124
1624,9.180274,1,-1466.000000,2,-257.600000,-1723.600000,-6300,-6124
1625,9.185481,1,-1466.000000,2,-257.600000,-1723.600000,-6300,-6124
1626,9.190704,1,-1466.000000,2,-257.600000,-1723.600000,-6300,-6124
1627,9.196002,1,-1466.000000,2,-257.600000,-1723.600000,-6300,-6124
1628,9.201286,1,-1729.000000,2,-257.600000,-1986.600000,-6563,-6124
1629,9.206357,1,-1729.000000,2,-257.600000,-1986.600000,-6563,-6124
1630,9.211607,1,-1729.000000,2,-257.600000,-1986.600000,-6563,-6124
1631,9.216791,1,-1729.000000,2,-257.600000,-1986.600000,-6563,-6124
1632,9.221461,1,-1729.000000,2,-270.600000,-1999.600000,-6563,-6137
1633,9.227131,1,-1729.000000,2,-270.600000,-1999.600000,-6563,-6137
1634,9.232370,1,-1729.000000,2,-270.600000,-1999.600000,-6563,-6137
1635,9.237780,1,-1729.000000,2,-270.600000,-1999.600000,-6563,-6137
1636,9.243059,1,-1729.000000,2,-270.600000,-1999.600000,-6563,-6137
1637,9.248086,1,-1729.000000,2,-270.600000,-1999.600000,-6563,-6137
1638,9.253467,1,-1729.000000,2,-270.600000,-1999.600000,-6563,-6137
1639,9.258653,1,-1729.000000,2,-270.600000,-1999.600000,-6563,-6137
1640,9.263871,1,-1729.000000,2,-270.600000,-1999.600000,-6563,-6137
1641,9.269493,1,-1729.000000,2,-270.600000,-1999.600000,-6563,-6137
1642,9.274711,1,-1729.000000,2,-270.600000,-1999.600000,-6563,-6137
1643,9.279873,1,-1729.000000,2,-270.600000,-1999.600000,-6563,-6137
1644,9.285080,1,-1729.000000,2,-270.600000,-1999.600000,-6563,-6137
1645,9.290397,1,-1729.000000,2,-270.600000,-1999.600000,-6563,-6137
1646,9.295504,1,-1729.000000,2,-270.600000,-1999.600000,-6563,-6137
1647,9.300701,1,-1874.000000,2,-270.600000,-2144.600000,-6708,-6137
1648,9.305362,1,-1874.000000,2,-270.600000,-2144.600000,-6708,-6137
1649,9.310580,1,-1874.000000,2,-270.600000,-2144.600000,-6708,-6137
1650,9.315906,1,-1874.000000,2,-270.600000,-2144.600000,-6708,-6137
1651,9.321070,1,-1874.000000,2,-257.600000,-2131.600000,-6708,-6124
1652,9.326336,1,-1874.000000,2,-257.600000,-2131.600000,-6708,-6124
1653,9.331377,1,-1874.000000,2,-257.600000,-2131.600000,-6708,-6124
1654,9.336632,1,-1874.000000,2,-257.600000,-2131.600000,-6708,-6124
1655,9.341943,1,-1874.000000,2,-257.600000,-2131.600000,-6708,-6124
1656,9.347199,1,-1874.000000,2,-257.600000,-2131.600000,-6708,-6124
1657,9.352319,1,-1874.000000,2,-257.600000,-2131.600000,-6708,-6124
1658,9.357575,1,-1874.000000,2,-257.600000,-2131.600000,-6708,-6124
1659,9.362802,1,-1874.000000,2,-257.600000,-2131.600000,-6708,-6124
1660,9.367840,1,-1874.000000,2,-257.600000,-2131.600000,-6708,-6124
1661,9.373058,1,-1874.000000,2,-257.600000,-2131.600000,-6708,-6124
1662,9.378403,1,-1874.000000,2,-257.600000,-2131.600000,-6708,-6124
1663,9.383575,1,-1874.000000,2,-257.600000,-2131.600000,-6708,-6124
1664,9.388782,1,-1874.000000,2,-257.600000,-2131.600000,-6708,-6124
1665,9.393388,1,-1874.000000,2,-257.600000,-2131.600000,-6708,-6124
1666,9.399230,1,-1805.000000,2,-257.600000,-2062.600000,-6639,-6124
1667,9.404413,1,-1805.000000,2,-257.600000,-2062.600000,-6639,-6124
1668,9.409649,1,-1805.000000,2,-257.600000,-2062.600000,-6639,-6124
1669,9.414874,1,-1805.000000,2,-257.600000,-2062.600000,-6639,-6124
1670,9.420158,1,-1805.000000,2,-213.600000,-2018.600000,-6639,-6080
1671,9.425241,1,-1805.000000,2,-213.600000,-2018.600000,-6639,-6080
1672,9.430432,1,-1805.000000,2,-213.600000,-2018.600000,-6639,-6080
1673,9.435072,1,-1805.000000,2,-213.600000,-2018.600000,-6639,-6080
1674,9.440353,1,-1805.000000,2,-213.600000,-2018.600000,-6639,-6080
1675,9.446153,1,-1805.000000,2,-213.600000,-2018.600000,-6639,-6080
1676,9.451461,1,-1805.000000,2,-213.600000,-2018.600000,-6639,-6080
1677,9.456539,1,-1805.000000,2,-213.600000,-2018.600000,-6639,-6080
1678,9.461831,1,-1805.000000,2,-213.600000,-2018.600000,-6639,-6080
1679,9.467013,1,-1805.000000,2,-213.600000,-2018.600000,-6639,-6080
1680,9.472270,1,-1805.000000,2,-213.600000,-2018.600000,-6639,-6080
1681,9.477406,1,-1805.000000,2,-213.600000,-2018.600000,-6639,-6080
1682,9.482695,1,-1805.000000,2,-213.600000,-2018.600000,-6639,-6080
1683,9.487892,1,-1805.000000,2,-213.600000,-2018.600000,-6639,-6080
1684,9.493208,1,-1805.000000,2,-213.600000,-2018.600000,-6639,-6080
1685,9.498466,1,-1354.000000,2,-213.600000,-1567.600000,-6188,-6080
1686,9.503557,1,-1354.000000,2,-213.600000,-1567.600000,-6188,-6080
1687,9.508840,1,-1354.000000,2,-213.600000,-1567.600000,-6188,-6080
1688,9.513997,1,-1354.000000,2,-213.600000,-1567.600000,-6188,-6080
1689,9.519245,1,-1354.000000,2,-140.600000,-1494.600000,-6188,-6007
1690,9.524444,1,-1354.000000,2,-140.600000,-1494.600000,-6188,-6007
1691,9.529556,1,-1354.000000,2,-140.600000,-1494.600000,-6188,-6007
1692,9.534709,1,-1354.000000,2,-140.600000,-1494.600000,-6188,-6007
1693,9.539929,1,-1354.000000,2,-140.600000,-1494.600000,-6188,-6007
1694,9.545227,1,-1354.000000,2,-140.600000,-1494.600000,-6188,-6007
1695,9.549839,1,-1354.000000,2,-140.600000,-1494.600000,-6188,-6007
1696,9.554476,1,-1354.000000,2,-140.600000,-1494.600000,-6188,-6007
1697,9.559107,1,-1354.000000,2,-140.600000,-1494.600000,-6188,-6007
1698,9.563843,1,-1354.000000,2,-140.600000,-1494.600000,-6188,-6007
1699,9.569534,1,-1354.000000,2,-140.600000,-1494.600000,-6188,-6007
1700,9.574792,1,-1354.000000,2,-140.600000,-1494.600000,-6188,-6007
1701,9.580022,1,-1354.000000,2,-140.600000,-1494.600000,-6188,-6007
1702,9.585110,1,-1354.000000,2,-140.600000,-1494.600000,-6188,-6007
1703,9.590403,1,-1354.000000,2,-140.600000,-1494.600000,-6188,-6007
1704,9.596811,1,-600.000000,2,-140.600000,-740.600000,-5434,-6007
1705,9.601883,1,-600.000000,2,-140.600000,-740.600000,-5434,-6007
1706,9.607285,1,-600.000000,2,-140.600000,-740.600000,-5434,-6007
1707,9.612443,1,-600.000000,2,-140.600000,-740.600000,-5434,-6007
1708,9.617661,1,-600.000000,2,-49.600000,-649.600000,-5434,-5916
1709,9.622744,1,-600.000000,2,-49.600000,-649.600000,-5434,-5916
1710,9.627972,1,-600.000000,2,-49.600000,-649.600000,-5434,-5916
1711,9.633002,1,-600.000000,2,-49.600000,-649.600000,-5434,-5916
1712,9.638335,1,-600.000000,2,-49.600000,-649.600000,-5434,-5916
1713,9.643399,1,-600.000000,2,-49.600000,-649.600000,-5434,-5916
1714,9.648642,1,-600.000000,2,-49.600000,-649.600000,-5434,-5916
1715,9.653872,1,-600.000000,2,-49.600000,-649.600000,-5434,-5916
1716,9.659006,1,-600.000000,2,-49.600000,-649.600000,-5434,-5916
1717,9.664145,1,-600.000000,2,-49.600000,-649.600000,-5434,-5916
1718,9.669302,1,-600.000000,2,-49.600000,-649.600000,-5434,-5916
1719,9.674400,1,-600.000000,2,-49.600000,-649.600000,-5434,-5916
1720,9.679730,1,-600.000000,2,-49.600000,-649.600000,-5434,-5916
1721,9.684829,1,-600.000000,2,-49.600000,-649.600000,-5434,-5916
1722,9.689950,1,-600.000000,2,-49.600000,-649.600000,-5434,-5916
1723,9.695790,1,-102.000000,2,-49.600000,-151.600000,-4936,-5916
1724,9.701035,1,-102.000000,2,-49.600000,-151.600000,-4936,-5916
1725,9.706049,1,-102.000000,2,-49.600000,-151.600000,-4936,-5916
1726,9.711253,1,-102.000000,2,-49.600000,-151.600000,-4936,-5916
1727,9.716650,1,-102.000000,2,1.400000,-100.600000,-4936,-5865
1728,9.722422,1,-102.000000,2,1.400000,-100.600000,-4936,-5865
1729,9.727932,1,-102.000000,2,1.400000,-100.600000,-4936,-5865
1730,9.733160,1,-102.000000,2,1.400000,-100.600000,-4936,-5865
1731,9.738360,1,-102.000000,2,1.400000,-100.600000,-4936,-5865
1732,9.743003,1,-102.000000,2,1.400000,-100.600000,-4936,-5865
1733,9.748128,1,-102.000000,2,1.400000,-100.600000,-4936,-5865
1734,9.752818,1,-102.000000,2,1.400000,-100.600000,-4936,-5865
1735,9.758043,1,-102.000000,2,1.400000,-100.600000,-4936,-5865
1736,9.763161,1,-102.000000,2,1.400000,-100.600000,-4936,-5865
1737,9.768393,1,-102.000000,2,1.400000,-100.600000,-4936,-5865
1738,9.773503,1,-102.000000,2,1.400000,-100.600000,-4936,-5865
1739,9.778829,1,-102.000000,2,1.400000,-100.600000,-4936,-5865
1740,9.783921,1,-102.000000,2,1.400000,-100.600000,-4936,-5865
1741,9.789081,1,-102.000000,2,1.400000,-100.600000,-4936,-5865
1742,9.795520,1,-6.000000,2,1.400000,-4.600000,-4840,-5865
1743,9.800615,1,-6.000000,2,1.400000,-4.600000,-4840,-5865
1744,9.805782,1,-6.000000,2,1.400000,-4.600000,-4840,-5865
1745,9.812501,1,-6.000000,2,6.400000,0.400000,-4840,-5860
1746,9.818022,1,-6.000000,2,6.400000,0.400000,-4840,-5860
1747,9.823004,1,-6.000000,2,6.400000,0.400000,-4840,-5860
1748,9.828152,1,-6.000000,2,6.400000,0.400000,-4840,-5860
1749,9.833385,1,-6.000000,2,6.400000,0.400000,-4840,-5860
1750,9.838684,1,-6.000000,2,6.400000,0.400000,-4840,-5860
1751,9.843723,1,-6.000000,2,6.400000,0.400000,-4840,-5860
1752,9.849006,1,-6.000000,2,6.400000,0.400000,-4840,-5860
1753,9.854213,1,-6.000000,2,6.400000,0.400000,-4840,-5860
1754,9.859269,1,-6.000000,2,6.400000,0.400000,-4840,-5860
1755,9.864474,1,-6.000000,2,6.400000,0.400000,-4840,-5860
1756,9.869658,1,-6.000000,2,6.400000,0.400000,-4840,-5860
1757,9.874783,1,-6.000000,2,6.400000,0.400000,-4840,-5860
1758,9.879960,1,-6.000000,2,6.400000,0.400000,-4840,-5860
1759,9.885129,1,-6.000000,2,6.400000,0.400000,-4840,-5860
1760,9.890434,1,-6.000000,2,6.400000,0.400000,-4840,-5860
1761,9.895478,1,-11.000000,2,6.400000,-4.600000,-4845,-5860
1762,9.901485,1,-11.000000,2,6.400000,-4.600000,-4845,-5860
1763,9.906494,1,-11.000000,2,6.400000,-4.600000,-4845,-5860
1764,9.912095,1,-11.000000,2,6.400000,-4.600000,-4845,-5860
1765,9.917751,1,-11.000000,2,6.400000,-4.600000,-4845,-5860
1766,9.922831,1,-11.000000,2,6.400000,-4.600000,-4845,-5860
1767,9.927930,1,-11.000000,2,6.400000,-4.600000,-4845,-5860
1768,9.933158,1,-11.000000,2,6.400000,-4.600000,-4845,-5860
1769,9.938417,1,-11.000000,2,6.400000,-4.600000,-4845,-5860
1770,9.943492,1,-11.000000,2,6.400000,-4.600000,-4845,-5860
1771,9.948746,1,-11.000000,2,6.400000,-4.600000,-4845,-5860
1772,9.954015,1,-11.000000,2,6.400000,-4.600000,-4845,-5860
1773,9.959008,1,-11.000000,2,6.400000,-4.600000,-4845,-5860
1774,9.964219,1,-11.000000,2,6.400000,-4.600000,-4845,-5860
1775,9.969377,1,-11.000000,2,6.400000,-4.600000,-4845,-5860
1776,9.974695,1,-11.000000,2,6.400000,-4.600000,-4845,-5860
1777,9.979837,1,-11.000000,2,6.400000,-4.600000,-4845,-5860
1778,9.984922,1,-11.000000,2,6.400000,-4.600000,-4845,-5860
1779,9.990052,1,-11.000000,2,6.400000,-4.600000,-4845,-5860
1780,9.994695,1,-178.000000,2,6.400000,-171.600000,-5012,-5860
1781,9.999975,1,-178.000000,2,6.400000,-171.600000,-5012,-5860
1782,10.005008,1,-178.000000,2,6.400000,-171.600000,-5012,-5860
